id,nomeCompleto,idade,telefone,endereco,estado,genero,habilidadeTecnica,idioma,tipoDeficiencia
1,Tine Beston,73,23704-6701,0251 Nova Center,Brasília,Mulher,CSS,Arabic,Nenhum
2,Fredi Adamovsky,38,97314-1756,30638 Spenser Junction,Rio de Janeiro,Mulher,C++,Russian,Nenhum
3,Ollie De La Haye,78,88515-0085,2327 Straubel Park,São Paulo,Mulher,Python,Portuguese,Intelectual
4,Sven Smallthwaite,42,97865-4764,789 1st Circle,Rio de Janeiro,Mulher,Python,Portuguese,Nenhum
5,Turner Mecchi,22,65980-7846,26 Schlimgen Parkway,Fortaleza,Mulher,Swift,Portuguese,Fisico
6,Dewie Schneidau,58,76873-7749,80604 Buena Vista Drive,São Paulo,Prefiro não responder,HTML,Russian,Nenhum
7,Ase Ayres,70,79412-5002,63 Erie Avenue,Salvador,Mulher,Ruby,Japanese,Nenhum
8,Lula Trenbay,40,09541-5124,9 Hauk Trail,Salvador,Prefiro não responder,C++,Spanish,Nenhum
9,Kellby O'Haire,19,09499-4274,68061 8th Place,Brasília,Não binario,SQL,Spanish,Auditiva
10,Arda Reitenbach,77,22409-4139,3034 Fisk Way,Salvador,Mulher,Ruby,German,Nenhum
11,Kenna Dunridge,41,77754-6142,57922 Green Parkway,São Paulo,Prefiro não responder,Ruby,German,Visual
12,Aretha Kissock,47,62685-1747,7 Dakota Way,Rio de Janeiro,Não binario,CSS,Portuguese,Nenhum
13,Mill Riditch,27,51396-8906,73247 Hintze Road,Fortaleza,Mulher,CSS,Japanese,Auditiva
14,Ebony Dickson,47,88429-6221,9 Artisan Terrace,Fortaleza,Homem,Python,Portuguese,Intelectual
15,Jean Blonden,58,54985-4810,15 Dwight Avenue,Salvador,Não binario,Java,Portuguese,Nenhum
16,Sebastiano Scoines,64,28167-7941,42 Prairie Rose Street,Salvador,Mulher,Java,German,Auditiva
17,Karrah Cockshut,33,14130-0384,2876 Union Trail,Salvador,Homem,Ruby,Italian,Nenhum
18,Rosie Hakes,67,73580-6983,37 Jenna Lane,Rio de Janeiro,Mulher,C++,German,Nenhum
19,Roi Braham,77,97951-7680,0 Doe Crossing Terrace,Brasília,Homem,Java,Portuguese,Visual
20,Letizia Souster,57,63004-7892,76 American Ash Street,Fortaleza,Não binario,Ruby,Italian,Visual
21,Merrily Mongin,45,85487-9935,27795 Warner Lane,Rio de Janeiro,Prefiro não responder,Swift,Japanese,Nenhum
22,Rosella Gabala,42,01853-0355,09 Hazelcrest Drive,Fortaleza,Mulher,HTML,Portuguese,Nenhum
23,Jonell Guerro,63,22351-4569,569 Sachs Parkway,Rio de Janeiro,Prefiro não responder,JavaScript,Spanish,Nenhum
24,Becki Iglesias,21,43365-7145,00665 Trailsway Road,Brasília,Prefiro não responder,PHP,Russian,Nenhum
25,Adolphus MacCurley,50,51715-5055,51664 Rigney Pass,Brasília,Não binario,C++,Chinese,Nenhum
26,Mandi Delhay,62,73669-6418,21335 Monument Street,Brasília,Prefiro não responder,HTML,Chinese,Nenhum
27,Ham Iredale,25,10445-8404,0 Manufacturers Center,Fortaleza,Prefiro não responder,Swift,English,Nenhum
28,Wilone Gibbieson,45,58970-8420,7 Delaware Pass,São Paulo,Não binario,PHP,Arabic,Visual
29,Averell MacPharlain,58,82369-3616,6 Lindbergh Circle,São Paulo,Homem,Python,English,Visual
30,Kaylyn Bakey,38,66717-0052,0 Debs Circle,Fortaleza,Homem,Ruby,Russian,Intelectual
31,Derward Cunnell,27,62939-2553,749 Maywood Street,Fortaleza,Mulher,HTML,Italian,Fisico
32,Roanna Skirving,66,82338-1815,77 Fieldstone Street,Brasília,Prefiro não responder,JavaScript,Portuguese,Fisico
33,Jeffy Rushworth,30,49464-9737,13 Dorton Pass,Brasília,Mulher,CSS,Russian,Fisico
34,Robina O'Callaghan,33,86561-0041,3 Mitchell Road,Fortaleza,Homem,Ruby,Portuguese,Fisico
35,Iorgos Plumbridge,59,58580-2309,8637 Bunting Terrace,Rio de Janeiro,Homem,CSS,Chinese,Nenhum
36,Andrus Petersen,68,97890-4912,77 Summer Ridge Lane,Fortaleza,Homem,Swift,Portuguese,Fisico
37,Xylia Greeson,46,11012-7673,3303 Wayridge Parkway,Fortaleza,Não binario,Ruby,French,Intelectual
38,Brendan Kenyam,76,51929-8626,43 Bayside Lane,Rio de Janeiro,Prefiro não responder,Java,Portuguese,Nenhum
39,Alwin Croster,39,76747-7293,57 Welch Center,Brasília,Prefiro não responder,Java,Portuguese,Auditiva
40,Merv McGuinley,69,34390-0732,40445 Fulton Way,Brasília,Prefiro não responder,Python,Portuguese,Auditiva
41,Lindsey Vasilchikov,61,68081-1181,8502 Dwight Circle,Salvador,Prefiro não responder,SQL,Portuguese,Intelectual
42,L;urette Laxton,47,62358-5199,1678 Coleman Pass,Rio de Janeiro,Homem,Python,Russian,Nenhum
43,Quentin Curwen,70,85528-8385,1 Jana Avenue,Brasília,Prefiro não responder,JavaScript,French,Nenhum
44,Joya Mannie,75,95498-6141,07 Schurz Lane,Fortaleza,Homem,SQL,English,Nenhum
45,Cal Hindrick,35,70257-8123,05 Amoth Trail,São Paulo,Homem,SQL,Italian,Nenhum
46,Herman Dybell,28,82203-3411,46921 Delladonna Point,Salvador,Homem,CSS,French,Visual
47,Wilmer Jorat,39,16323-6396,15 Dexter Park,Fortaleza,Não binario,Java,Spanish,Nenhum
48,Helena Gummow,45,79050-8391,495 Barby Place,Rio de Janeiro,Mulher,Ruby,Arabic,Visual
49,Jerrie McGilvary,79,41071-7035,9005 Autumn Leaf Terrace,São Paulo,Não binario,Swift,Portuguese,Nenhum
50,Teodora Killough,23,51208-1740,5 Coolidge Lane,Fortaleza,Mulher,Python,French,Intelectual
51,Radcliffe Prue,72,66197-7120,1 Moulton Drive,Brasília,Não binario,Swift,French,Intelectual
52,Tracey Kohlert,62,52475-7854,8192 Cottonwood Place,São Paulo,Não binario,Ruby,Russian,Fisico
53,Auberon Balthasar,27,27545-2654,9827 Harper Terrace,São Paulo,Não binario,Java,Spanish,Fisico
54,Carney Coils,23,59112-4652,84835 Lillian Drive,São Paulo,Homem,SQL,Portuguese,Fisico
55,Emmott Thewles,79,26251-6037,80 Talmadge Terrace,Rio de Janeiro,Mulher,PHP,Italian,Fisico
56,Onfre Mohring,64,23247-0473,840 Talisman Circle,São Paulo,Prefiro não responder,Swift,Chinese,Nenhum
57,Darci Dulling,31,89066-9864,25870 Old Gate Parkway,Fortaleza,Prefiro não responder,Python,Portuguese,Fisico
58,Rozele Chiverstone,23,83415-7257,856 Grim Parkway,Brasília,Mulher,Java,Portuguese,Nenhum
59,Hamish Stothart,78,63640-4641,25611 Eliot Drive,Salvador,Homem,Java,Portuguese,Intelectual
60,Caryl Eldin,26,02087-5798,14 Atwood Alley,São Paulo,Homem,Ruby,Portuguese,Fisico
61,Orsola Hoys,28,11381-5779,14 Forster Lane,Brasília,Prefiro não responder,Java,Portuguese,Auditiva
62,Suzanna Pringley,52,10849-4970,46 Birchwood Way,Fortaleza,Prefiro não responder,C++,French,Intelectual
63,Eunice Schonfelder,33,85014-9812,61279 Westend Plaza,Rio de Janeiro,Prefiro não responder,JavaScript,German,Nenhum
64,Derward Fidian,20,25578-1907,0134 Valley Edge Avenue,São Paulo,Não binario,HTML,Portuguese,Visual
65,Thacher Diggar,77,60625-9166,2181 High Crossing Hill,Rio de Janeiro,Não binario,Python,Chinese,Nenhum
66,Jolyn Bestall,78,98425-8494,23484 Monterey Park,São Paulo,Homem,Python,Portuguese,Fisico
67,Loraine Frostdick,54,26857-6968,3 Porter Avenue,Rio de Janeiro,Não binario,Ruby,French,Auditiva
68,Brande D'Orsay,56,63614-2278,95979 Golf Drive,São Paulo,Homem,C++,Portuguese,Fisico
69,Coralie Scrace,47,48853-2710,844 Blue Bill Park Circle,São Paulo,Mulher,JavaScript,Portuguese,Fisico
70,Eberto Fumagall,31,63957-2243,81 Upham Lane,Fortaleza,Mulher,Java,German,Auditiva
71,Adelaide Songest,69,65863-3120,1185 Sheridan Court,Rio de Janeiro,Prefiro não responder,SQL,German,Intelectual
72,Celisse Shall,39,78527-4762,06976 Blue Bill Park Road,Brasília,Homem,Java,French,Auditiva
73,Camille Simonite,34,21037-6483,6192 Vidon Crossing,Rio de Janeiro,Homem,SQL,Italian,Nenhum
74,Carter Rowbottam,39,54475-0773,49 Dixon Point,Salvador,Prefiro não responder,JavaScript,Japanese,Visual
75,Isidor Jeanon,76,83317-9883,898 Milwaukee Terrace,Rio de Janeiro,Mulher,SQL,Japanese,Nenhum
76,Niko Lang,48,04630-1366,329 Briar Crest Place,Rio de Janeiro,Não binario,Java,Portuguese,Fisico
77,Ardelia Dory,30,69342-2971,62188 Vermont Junction,Rio de Janeiro,Mulher,Swift,Arabic,Nenhum
78,Lewes Rosenhaupt,25,60124-5781,5823 Grim Park,Brasília,Homem,C++,Portuguese,Nenhum
79,Morissa Kurten,27,19358-3812,61 Merry Trail,Brasília,Prefiro não responder,JavaScript,German,Visual
80,Cleon Forster,55,59312-4477,3027 Autumn Leaf Terrace,Fortaleza,Não binario,JavaScript,English,Auditiva
81,Liva Skalls,23,30029-9019,6853 Welch Center,Rio de Janeiro,Homem,CSS,Portuguese,Intelectual
82,Patti Malcher,66,33697-2029,20 Delladonna Place,Fortaleza,Prefiro não responder,Swift,German,Intelectual
83,Haley Bonner,63,77341-6841,28899 Northview Junction,Fortaleza,Prefiro não responder,JavaScript,Portuguese,Auditiva
84,Johny Ledward,29,80249-0527,79 Sunbrook Center,Fortaleza,Prefiro não responder,Python,Spanish,Fisico
85,Irma Dann,45,40723-2308,47 Nancy Point,Salvador,Prefiro não responder,Python,Portuguese,Nenhum
86,Briney Regenhardt,69,07689-7283,74651 Clemons Junction,Fortaleza,Mulher,JavaScript,Arabic,Auditiva
87,Pamela Jennrich,36,25804-7516,60736 Larry Pass,Rio de Janeiro,Não binario,Swift,French,Fisico
88,Alice McConigal,45,78474-7374,6 Grasskamp Terrace,Brasília,Homem,PHP,Arabic,Fisico
89,Tedd Godthaab,62,20372-6260,3 Scoville Park,Brasília,Prefiro não responder,Swift,Portuguese,Intelectual
90,Eula Donan,39,02131-6719,2316 Sage Point,Rio de Janeiro,Não binario,JavaScript,French,Fisico
91,Bili Ovey,74,44456-2294,77 Westerfield Alley,Rio de Janeiro,Homem,C++,Portuguese,Intelectual
92,Clarabelle Cabrera,54,00737-3613,829 Melby Parkway,Salvador,Não binario,Java,Spanish,Auditiva
93,Clarence Nardoni,71,00216-4563,16 Spenser Court,Fortaleza,Prefiro não responder,CSS,French,Auditiva
94,Lyon Pigott,36,16997-7270,39533 Saint Paul Place,Rio de Janeiro,Não binario,CSS,English,Intelectual
95,Svend Calder,28,21025-6524,49146 6th Plaza,Brasília,Prefiro não responder,Python,Portuguese,Nenhum
96,Maurizio Marcome,50,98777-6918,952 Mccormick Center,Fortaleza,Não binario,JavaScript,Portuguese,Nenhum
97,Kathryne Stanton,36,85388-7402,2 Brentwood Parkway,Fortaleza,Não binario,CSS,Portuguese,Nenhum
98,Gina Toope,38,41026-4321,158 Nancy Drive,Salvador,Não binario,C++,Chinese,Nenhum
99,Guillema Blyde,64,27453-6101,0 Green Ridge Trail,Salvador,Homem,SQL,Portuguese,Nenhum
100,Tina Schoales,65,06549-9646,77120 Stang Trail,Salvador,Prefiro não responder,Python,Portuguese,Intelectual
101,Germaine Doctor,39,45122-9281,1118 Maywood Terrace,Salvador,Prefiro não responder,Ruby,Italian,Visual
102,Berke Smaling,25,43928-5025,08372 Hintze Avenue,Salvador,Mulher,Swift,Arabic,Auditiva
103,Kendell Clare,47,86198-4464,93 Di Loreto Hill,Brasília,Mulher,SQL,Portuguese,Intelectual
104,Jakie Nassy,24,42218-1752,1884 Esch Terrace,Salvador,Não binario,Python,Italian,Nenhum
105,Brandea Schurig,21,66496-9122,9 Clarendon Park,Fortaleza,Não binario,Swift,English,Auditiva
106,Farah Kisbey,41,30867-6920,386 Talmadge Crossing,Brasília,Mulher,C++,Russian,Nenhum
107,Colan Burtwhistle,78,00038-4326,1 Hallows Road,São Paulo,Homem,SQL,Arabic,Visual
108,Kay Pescud,40,17664-5903,027 Quincy Plaza,São Paulo,Prefiro não responder,C++,Arabic,Nenhum
109,Constantine Healings,60,47508-6852,207 Crest Line Way,Fortaleza,Homem,SQL,Russian,Nenhum
110,Britteny Denidge,19,80691-9336,2 American Center,Fortaleza,Mulher,Python,German,Nenhum
111,Ethelbert Lamyman,36,47401-4161,774 Sugar Park,Fortaleza,Prefiro não responder,SQL,Portuguese,Nenhum
112,Vin Eassom,32,24707-1620,698 Becker Point,Salvador,Homem,Swift,Russian,Nenhum
113,Sari Othick,55,79428-5483,9 Lake View Center,Salvador,Mulher,SQL,Portuguese,Intelectual
114,Christy Cearley,29,67511-0166,8 Larry Alley,Rio de Janeiro,Homem,HTML,French,Fisico
115,Aymer Sawle,55,24803-6382,4034 Schiller Hill,Brasília,Mulher,JavaScript,Portuguese,Nenhum
116,Helga Quayle,51,88349-3153,3248 Trailsway Park,Rio de Janeiro,Mulher,JavaScript,Italian,Nenhum
117,Barret Shatliffe,71,08493-0652,58691 Sycamore Crossing,Salvador,Prefiro não responder,SQL,Portuguese,Nenhum
118,Veronica Abbatini,41,93131-3262,74026 Corscot Point,São Paulo,Prefiro não responder,JavaScript,Italian,Nenhum
119,Renault Bencher,51,77028-9731,6447 Express Drive,Fortaleza,Mulher,Swift,Portuguese,Intelectual
120,Dewain Rubica,74,88545-1438,2 Melrose Plaza,Rio de Janeiro,Prefiro não responder,JavaScript,Portuguese,Visual
121,Fara Cownden,19,70081-8782,51 Summerview Plaza,Fortaleza,Mulher,Java,Russian,Fisico
122,Clim Kelner,79,86425-7987,69843 Bashford Alley,Brasília,Mulher,PHP,Arabic,Nenhum
123,Emlyn Bossingham,55,77317-1770,17174 Holy Cross Parkway,São Paulo,Mulher,C++,French,Auditiva
124,Alysa Dovermann,60,69201-1778,8 Mallory Street,Fortaleza,Mulher,Ruby,Portuguese,Nenhum
125,Karlis Poytress,60,29666-5715,4 Tennessee Hill,Salvador,Prefiro não responder,PHP,Portuguese,Intelectual
126,Meyer Durnell,55,56537-2004,8319 Sachtjen Junction,Fortaleza,Prefiro não responder,JavaScript,Portuguese,Nenhum
127,Clemmy Tilmouth,63,07999-4717,111 Packers Plaza,Rio de Janeiro,Mulher,CSS,Portuguese,Nenhum
128,Sebastiano Scotchmer,24,80441-1137,25621 Rockefeller Circle,São Paulo,Mulher,Python,Portuguese,Nenhum
129,Arlana Valentine,39,88263-8007,5 Pawling Street,Brasília,Homem,Swift,Russian,Auditiva
130,Virge Monget,73,65977-2053,5323 Sauthoff Street,Rio de Janeiro,Mulher,C++,Russian,Nenhum
131,Bendick Baroc,36,94343-5878,72325 Graedel Center,Salvador,Não binario,C++,Portuguese,Nenhum
132,Ruggiero Sisse,25,83871-6564,8 Manufacturers Park,Brasília,Homem,HTML,Portuguese,Visual
133,Christen Bloomer,41,12649-2164,950 Lyons Pass,São Paulo,Homem,HTML,French,Nenhum
134,Brockie Dykins,45,22151-1415,1737 Nelson Plaza,São Paulo,Não binario,Ruby,Japanese,Visual
135,Liza Adam,76,64710-3045,493 Stoughton Drive,Salvador,Mulher,PHP,French,Auditiva
136,Claudell Bea,46,86580-7181,19362 Sullivan Circle,Salvador,Prefiro não responder,JavaScript,Portuguese,Fisico
137,Dale Tribbeck,56,15226-1505,7 Esch Crossing,São Paulo,Prefiro não responder,JavaScript,Portuguese,Nenhum
138,Celestyna Lilian,31,56781-0365,65 Moulton Drive,Salvador,Não binario,Python,English,Nenhum
139,Imogen Immer,38,50742-1427,419 Oxford Place,Salvador,Prefiro não responder,HTML,Portuguese,Nenhum
140,Loreen Dreger,34,57791-0406,72350 Florence Avenue,Salvador,Mulher,C++,Portuguese,Nenhum
141,Annecorinne Nussen,46,85288-9983,3 Prentice Way,Rio de Janeiro,Homem,Ruby,Portuguese,Auditiva
142,Ursuline Featenby,21,62346-6607,12 Lotheville Junction,São Paulo,Prefiro não responder,CSS,German,Auditiva
143,Val Lintin,72,98695-7470,90 Sunbrook Circle,Fortaleza,Prefiro não responder,C++,Chinese,Intelectual
144,Chip Bannell,35,86437-6649,77 Shopko Center,Brasília,Mulher,Swift,Portuguese,Intelectual
145,Devina Meynell,39,09052-9943,98 Di Loreto Hill,São Paulo,Mulher,Ruby,Portuguese,Auditiva
146,Ali Mathes,36,89836-8069,2999 Carpenter Center,Rio de Janeiro,Prefiro não responder,Swift,Portuguese,Fisico
147,Rupert Sincock,23,16512-5197,10 Carey Point,Fortaleza,Prefiro não responder,Swift,Chinese,Nenhum
148,Birgit Silmon,80,45568-6937,0 Saint Paul Lane,Brasília,Homem,SQL,Japanese,Nenhum
149,Jeddy Ocheltree,56,23438-3837,6433 Southridge Drive,Brasília,Homem,CSS,Chinese,Nenhum
150,Danella Bresner,71,27110-3422,59 Judy Parkway,Fortaleza,Prefiro não responder,Swift,Arabic,Nenhum
151,Alexia Elman,71,58346-5968,9 Toban Trail,Salvador,Não binario,C++,Spanish,Nenhum
152,Stevy Doorly,74,15654-8609,56 Rigney Street,Brasília,Mulher,C++,German,Nenhum
153,Flory Kampshell,71,82487-3633,6779 Village Green Alley,Brasília,Prefiro não responder,SQL,French,Nenhum
154,Georgeta Anlay,22,81998-0209,47690 Brown Drive,Fortaleza,Homem,PHP,Portuguese,Visual
155,Marylin McCalum,73,38811-5584,05 Texas Crossing,Salvador,Mulher,Python,Portuguese,Nenhum
156,Tamas Lamdin,53,83744-8756,50674 Stone Corner Drive,Fortaleza,Homem,Python,Portuguese,Intelectual
157,Mersey Burd,25,69633-9378,18 Oneill Center,São Paulo,Prefiro não responder,CSS,German,Nenhum
158,Berty Boal,31,87267-8187,95 Butternut Point,São Paulo,Homem,HTML,Portuguese,Visual
159,Lori Schurig,40,34963-4376,9958 Merry Point,Brasília,Homem,CSS,Russian,Intelectual
160,Kelcy Bursnell,59,02716-3991,7776 Orin Drive,Brasília,Homem,Swift,Russian,Nenhum
161,Audre Hane,56,72355-9027,1 Barby Hill,Rio de Janeiro,Mulher,JavaScript,Japanese,Intelectual
162,Tabbie Wagnerin,51,82592-1863,07714 Declaration Drive,Brasília,Mulher,HTML,Portuguese,Nenhum
163,Karmen Carwithen,68,79261-4433,876 Muir Point,Brasília,Homem,PHP,French,Visual
164,Drud Marques,65,82456-2321,4 Veith Road,São Paulo,Não binario,CSS,Portuguese,Visual
165,Bernardine Ghioni,45,84048-3569,92 Old Shore Parkway,Salvador,Homem,Ruby,Spanish,Visual
166,Panchito Kyllford,43,16344-3661,8904 Autumn Leaf Parkway,Salvador,Homem,JavaScript,Italian,Visual
167,Torrin Hayman,62,85304-4098,04 Truax Trail,Rio de Janeiro,Não binario,Python,Portuguese,Nenhum
168,Dayle Pounsett,68,94767-2965,79085 Sheridan Center,Salvador,Homem,Ruby,Japanese,Intelectual
169,Lauryn Cossum,71,81864-5441,5913 Dennis Pass,Rio de Janeiro,Não binario,C++,Russian,Nenhum
170,Davidson Crace,67,59573-8416,772 Mifflin Terrace,Fortaleza,Homem,Ruby,Portuguese,Intelectual
171,Kissiah Haskur,24,79004-2141,3800 Twin Pines Street,Brasília,Não binario,C++,Portuguese,Fisico
172,Stanwood Edlyne,62,26000-6233,718 Morrow Place,Brasília,Mulher,SQL,Portuguese,Nenhum
173,Edyth Newrick,57,83202-8284,83716 Laurel Plaza,Rio de Janeiro,Prefiro não responder,SQL,Portuguese,Auditiva
174,Terri Flattman,37,32618-8420,9 Dapin Crossing,São Paulo,Prefiro não responder,Ruby,Portuguese,Nenhum
175,Angelique Treacher,33,12105-4961,75 Twin Pines Way,Rio de Janeiro,Homem,PHP,English,Intelectual
176,Ira Stroband,49,68469-9816,3 Jana Trail,Fortaleza,Prefiro não responder,C++,Portuguese,Nenhum
177,Goldie Braywood,62,60081-4434,2547 Everett Way,São Paulo,Mulher,C++,Portuguese,Auditiva
178,Aldon Tyre,35,97612-8183,667 Lakewood Gardens Road,Brasília,Homem,Swift,Spanish,Nenhum
179,Dacia Balkwill,40,26703-7232,9 Colorado Avenue,Brasília,Não binario,Python,German,Intelectual
180,Drusy Guppy,74,72789-0038,98 David Hill,Fortaleza,Homem,Python,Portuguese,Visual
181,Rahel Domonkos,63,45803-9253,251 Bartelt Place,São Paulo,Mulher,C++,Portuguese,Visual
182,Chan Pickworth,47,13110-1538,7 Forest Run Alley,São Paulo,Prefiro não responder,HTML,Italian,Nenhum
183,Stephanus Staines,52,38047-7210,9732 Elka Circle,Salvador,Mulher,Ruby,Portuguese,Nenhum
184,Claudianus Jaycocks,19,51011-3073,60 Blaine Parkway,Fortaleza,Homem,JavaScript,French,Auditiva
185,Linda Laingmaid,74,72505-3955,599 Talmadge Crossing,Fortaleza,Prefiro não responder,Swift,Portuguese,Nenhum
186,Meg McNally,50,29627-8107,85 Westridge Avenue,Brasília,Prefiro não responder,C++,Portuguese,Intelectual
187,Elly Parman,44,63982-3913,4531 Derek Drive,Brasília,Homem,JavaScript,Portuguese,Intelectual
188,Taddeo Benezet,23,22797-5098,3 Luster Circle,São Paulo,Não binario,JavaScript,Portuguese,Nenhum
189,Bryanty Cleve,27,06393-2983,6852 Miller Trail,Rio de Janeiro,Prefiro não responder,Ruby,Chinese,Nenhum
190,Eben Carnier,28,88218-5442,7050 Dryden Way,Salvador,Prefiro não responder,Ruby,Spanish,Nenhum
191,Ogdon Nussey,18,60356-8643,314 Kennedy Road,Rio de Janeiro,Prefiro não responder,C++,Portuguese,Nenhum
192,Witty O'Doran,30,95720-0168,02 Carberry Center,São Paulo,Mulher,C++,Portuguese,Intelectual
193,Oliver Heinle,53,64511-1249,49234 Duke Junction,São Paulo,Não binario,HTML,Portuguese,Nenhum
194,Meaghan Milliere,46,92901-5279,177 Toban Court,São Paulo,Não binario,Java,Portuguese,Nenhum
195,Dody Gianasi,67,15510-1320,90 Lawn Place,Fortaleza,Não binario,Ruby,Portuguese,Nenhum
196,Sunshine Towlson,27,42463-6140,05 Forest Park,Rio de Janeiro,Não binario,SQL,Portuguese,Fisico
197,Ashlin Trow,50,26153-4775,0387 Gateway Circle,São Paulo,Homem,PHP,Portuguese,Nenhum
198,Melicent Laker,78,37814-5726,9831 Hansons Park,Rio de Janeiro,Mulher,Swift,Portuguese,Visual
199,Adoree Keighly,45,43388-1176,312 Briar Crest Center,Salvador,Prefiro não responder,SQL,English,Intelectual
200,Carla Gerb,25,00875-4727,5 Hanson Lane,Fortaleza,Não binario,Python,Portuguese,Nenhum
201,Britt Atto,39,03115-4495,89123 Waubesa Way,Brasília,Homem,C++,German,Nenhum
202,Matthiew Borthe,43,59958-5733,3 Hanover Park,Brasília,Não binario,Python,Portuguese,Nenhum
203,Robina Olney,41,93300-8130,255 Kipling Circle,Salvador,Mulher,Python,Portuguese,Fisico
204,Asia Lacase,41,33670-7963,92 Longview Road,Fortaleza,Mulher,CSS,Portuguese,Intelectual
205,Orton Hurlestone,58,19875-8885,982 Texas Hill,Fortaleza,Mulher,C++,Italian,Nenhum
206,Ertha Abbett,80,62006-6004,22 Russell Crossing,Fortaleza,Mulher,Python,Spanish,Nenhum
207,Christye Pavlovic,79,87615-4100,177 Eliot Court,Salvador,Prefiro não responder,C++,German,Nenhum
208,Joeann Ziemke,49,42587-2494,42917 Hanson Street,Salvador,Homem,C++,Arabic,Nenhum
209,Koo Lumber,70,18043-5301,4019 Arrowood Junction,São Paulo,Mulher,PHP,Arabic,Fisico
210,Kiley Gravy,70,06030-0371,6332 Transport Plaza,Rio de Janeiro,Não binario,JavaScript,Portuguese,Fisico
211,Adrea Kirsop,43,99148-8080,3623 Sage Junction,Salvador,Homem,JavaScript,French,Auditiva
212,Chadwick Sinnett,37,83489-2494,42768 Hudson Point,São Paulo,Homem,SQL,Portuguese,Nenhum
213,Darya Gravey,36,18579-5887,7 Autumn Leaf Place,Salvador,Não binario,Java,Chinese,Nenhum
214,Lolita Keems,57,00815-8391,141 Nobel Center,Brasília,Mulher,Java,Portuguese,Nenhum
215,Barbi Hepher,40,68781-6557,53 Hoard Parkway,São Paulo,Mulher,Python,German,Intelectual
216,Zebulon Braksper,26,93984-2511,26231 Johnson Place,Brasília,Prefiro não responder,Python,Arabic,Intelectual
217,Marve MacLese,18,26705-2227,0464 Dexter Avenue,Brasília,Não binario,JavaScript,German,Nenhum
218,Constantin Caitlin,20,97746-9617,176 7th Junction,Fortaleza,Mulher,Swift,French,Nenhum
219,Morten Caldwell,48,03700-9572,9939 Kim Junction,Brasília,Prefiro não responder,Java,Arabic,Intelectual
220,Brynna Chilcotte,53,58166-3831,7245 Prentice Trail,São Paulo,Não binario,SQL,Italian,Nenhum
221,Darsey Rasher,28,98273-9422,127 Almo Circle,São Paulo,Mulher,Python,Portuguese,Visual
222,Perry Sackey,70,78503-1117,04 Moland Avenue,Salvador,Prefiro não responder,HTML,Portuguese,Intelectual
223,Freddie Grigor,34,99104-4549,6142 Marcy Trail,Fortaleza,Mulher,Ruby,Portuguese,Nenhum
224,Marin Lundon,63,93768-9247,970 Judy Park,Brasília,Não binario,Ruby,French,Nenhum
225,Kizzie Drever,26,10059-2914,0145 Johnson Alley,São Paulo,Não binario,Python,Portuguese,Nenhum
226,Idelle Terbeck,38,08458-5559,3 Westridge Junction,Brasília,Homem,Java,Chinese,Visual
227,Packston Quincey,74,34202-6634,682 Sundown Plaza,Fortaleza,Mulher,JavaScript,German,Intelectual
228,Henry Balcock,52,97049-2389,92 Stang Avenue,Rio de Janeiro,Homem,Ruby,Portuguese,Visual
229,Frankie Rosberg,77,10085-0182,09 Schmedeman Drive,Salvador,Prefiro não responder,Ruby,Japanese,Nenhum
230,Paton Hugland,44,14281-4488,4 International Lane,Salvador,Prefiro não responder,Ruby,Portuguese,Nenhum
231,Charmane Hacquard,73,60869-5337,3 Marcy Drive,São Paulo,Homem,CSS,Italian,Intelectual
232,Mickey Ritchard,50,51172-8606,4457 Cascade Road,Fortaleza,Não binario,Java,Spanish,Nenhum
233,Bell Molines,50,68559-1155,7 Larry Trail,Salvador,Homem,Ruby,Portuguese,Nenhum
234,Pet McElroy,67,36016-2709,049 Rieder Road,Fortaleza,Homem,SQL,Portuguese,Nenhum
235,Camey Redish,54,38367-9654,75773 Briar Crest Terrace,Salvador,Não binario,Python,Portuguese,Intelectual
236,Jennee Minci,73,58123-5589,95 Starling Lane,Brasília,Homem,SQL,Portuguese,Visual
237,Isabelita Comrie,78,65948-9495,51608 Green Ridge Plaza,São Paulo,Prefiro não responder,Ruby,Portuguese,Nenhum
238,Christen Elcy,48,49566-9875,7401 Kim Parkway,Fortaleza,Homem,C++,English,Intelectual
239,Lindy Delgado,76,88776-2683,272 Debra Place,Fortaleza,Não binario,PHP,Japanese,Fisico
240,Shurlock Ludl,49,24217-5070,517 Tennessee Crossing,Rio de Janeiro,Não binario,CSS,German,Intelectual
241,Flossy De Laci,34,63416-5138,444 Northland Place,São Paulo,Prefiro não responder,PHP,Portuguese,Nenhum
242,Lorine Henriet,35,34671-2470,05 Rieder Parkway,São Paulo,Mulher,JavaScript,English,Nenhum
243,Son Boseley,45,78870-7207,97 Morningstar Terrace,Brasília,Mulher,SQL,Italian,Intelectual
244,Griz Cogswell,54,22629-8413,47 Kedzie Avenue,São Paulo,Não binario,C++,Arabic,Nenhum
245,Dukey D'Adamo,24,30066-7876,454 Oneill Point,Rio de Janeiro,Não binario,Python,Portuguese,Fisico
246,Melania Jolliffe,21,12565-1003,5 Roxbury Drive,Salvador,Não binario,Java,Arabic,Nenhum
247,Kerk Duell,75,89852-4886,380 Manufacturers Park,Rio de Janeiro,Mulher,PHP,Portuguese,Nenhum
248,Rodger Brunroth,44,53857-8329,27 Vernon Court,Rio de Janeiro,Mulher,JavaScript,Russian,Nenhum
249,Rafaelita Rochford,76,85455-9899,4 Dayton Court,São Paulo,Mulher,PHP,Portuguese,Nenhum
250,Tresa Eley,79,06833-7023,6 Blaine Avenue,Rio de Janeiro,Mulher,HTML,Spanish,Nenhum
251,Leanora Del Dello,21,93150-6708,88 Butterfield Lane,Salvador,Mulher,Python,Russian,Nenhum
252,Gayelord Buckett,80,47417-6395,7706 Arapahoe Hill,Salvador,Homem,Swift,Portuguese,Nenhum
253,Hesther McLese,32,25844-8236,7 Jay Junction,Rio de Janeiro,Prefiro não responder,Python,Japanese,Visual
254,Ethan Poston,38,48677-9015,7 Melrose Court,Rio de Janeiro,Homem,PHP,English,Fisico
255,Clywd Willder,66,36035-7994,228 Westridge Circle,Rio de Janeiro,Mulher,HTML,Portuguese,Visual
256,Janessa Peckett,36,99578-7303,8 Kedzie Court,Salvador,Homem,Java,Japanese,Fisico
257,Frannie Brockie,35,02505-5453,7750 Bowman Avenue,Rio de Janeiro,Homem,HTML,Portuguese,Visual
258,Pall Fazzioli,71,79579-0543,2 Hooker Junction,Brasília,Prefiro não responder,JavaScript,Italian,Nenhum
259,Lyda Strase,36,89918-6085,93443 Crownhardt Circle,Rio de Janeiro,Prefiro não responder,SQL,Japanese,Nenhum
260,Maryanne Murrill,29,28045-2850,85 Vahlen Park,Fortaleza,Não binario,JavaScript,Portuguese,Visual
261,Vanna Gunny,70,05158-3162,9 Holy Cross Pass,Rio de Janeiro,Não binario,HTML,Arabic,Fisico
262,Randy Clempton,43,24602-5765,2 Blackbird Place,Fortaleza,Mulher,JavaScript,French,Auditiva
263,Libbey Hockey,73,56621-2735,95 Manufacturers Point,São Paulo,Prefiro não responder,PHP,Russian,Visual
264,Maiga Ollington,56,27128-3936,5499 Hallows Trail,Brasília,Homem,CSS,Japanese,Fisico
265,Claresta Van Castele,71,42372-7586,2 New Castle Street,Rio de Janeiro,Mulher,SQL,Arabic,Auditiva
266,Hanan Priddie,56,35117-3740,3 Oakridge Court,Rio de Janeiro,Não binario,Swift,Chinese,Nenhum
267,Dale Pawellek,72,61329-0451,15670 Thackeray Way,Brasília,Homem,Python,Portuguese,Fisico
268,Juli Burree,21,46811-3792,34553 Sherman Avenue,Brasília,Prefiro não responder,SQL,English,Intelectual
269,Grethel Maffei,64,44953-8175,444 Golden Leaf Circle,Salvador,Mulher,PHP,Chinese,Visual
270,Erin Skittreal,43,45444-6013,3296 Service Crossing,São Paulo,Mulher,Python,Russian,Intelectual
271,Ami Girdler,48,56180-3308,23 American Crossing,Rio de Janeiro,Mulher,Java,English,Visual
272,Cesare Braybrooke,52,31016-1296,775 Jackson Plaza,Salvador,Mulher,SQL,English,Nenhum
273,Rochelle Talton,53,07125-6658,12808 Loomis Lane,Fortaleza,Prefiro não responder,Swift,Portuguese,Visual
274,Winny Blazynski,80,63407-4330,531 Weeping Birch Trail,São Paulo,Homem,C++,Russian,Nenhum
275,Irwinn Conyers,25,31541-9644,35438 Ohio Circle,São Paulo,Não binario,Java,Portuguese,Nenhum
276,Paddie Cottam,61,49435-1601,60051 Dapin Center,Brasília,Prefiro não responder,JavaScript,Portuguese,Intelectual
277,Cal Liddicoat,76,90233-9320,79228 Bluestem Avenue,Salvador,Prefiro não responder,Ruby,Arabic,Intelectual
278,Tedie Giovanazzi,72,09900-9031,49 Briar Crest Plaza,Rio de Janeiro,Mulher,HTML,Portuguese,Nenhum
279,Shayne Persse,68,55765-6185,13 Prairie Rose Park,Brasília,Prefiro não responder,Python,Portuguese,Nenhum
280,Freida Vogeller,54,91211-2157,34 Milwaukee Pass,Rio de Janeiro,Não binario,Python,German,Nenhum
281,Augie Izod,30,82813-0775,170 Lakeland Trail,Salvador,Mulher,PHP,Spanish,Nenhum
282,Danita Saxton,49,82919-2427,6 North Road,Fortaleza,Homem,JavaScript,Portuguese,Nenhum
283,Taber Izkoveski,25,91071-4533,28 Hintze Park,São Paulo,Mulher,JavaScript,Arabic,Intelectual
284,Berti Newsham,73,32681-6068,6507 Ilene Alley,Salvador,Mulher,SQL,German,Auditiva
285,Noak Smidmor,19,33035-2366,93 Dayton Park,Brasília,Homem,Swift,Spanish,Auditiva
286,Frederic Gullis,69,25121-2654,1 Burrows Street,Fortaleza,Prefiro não responder,JavaScript,Portuguese,Auditiva
287,Joleen Streets,77,28624-5136,03047 Sheridan Road,Rio de Janeiro,Não binario,CSS,French,Nenhum
288,Adham MacDowal,47,60880-7180,94336 Dunning Street,São Paulo,Não binario,Python,Spanish,Fisico
289,Gusti Winkell,38,92471-3320,07927 Colorado Plaza,Salvador,Não binario,SQL,Italian,Nenhum
290,Poul Bradnocke,46,88537-4293,895 Reindahl Street,Salvador,Mulher,HTML,Japanese,Auditiva
291,Aurlie Allsobrook,80,71184-1814,83 Colorado Trail,São Paulo,Mulher,C++,Portuguese,Nenhum
292,Staffard Coleborn,18,97015-5554,250 Warbler Drive,Brasília,Mulher,Ruby,Italian,Fisico
293,Jedidiah Masse,21,36086-1318,02 Farmco Junction,Fortaleza,Prefiro não responder,HTML,Russian,Intelectual
294,Ardenia Gilvear,58,41697-6596,9842 Toban Drive,Rio de Janeiro,Homem,CSS,German,Intelectual
295,Siward Edmands,64,02353-2736,7519 Forest Road,Brasília,Mulher,PHP,Italian,Nenhum
296,Zsazsa Scorey,41,89540-0972,8 Hauk Junction,Brasília,Homem,Swift,Arabic,Fisico
297,Gardener Prew,65,02939-7004,50248 Michigan Way,Fortaleza,Mulher,PHP,English,Fisico
298,Charissa Malamore,64,65993-9392,89 Marcy Crossing,Rio de Janeiro,Prefiro não responder,Python,Portuguese,Nenhum
299,Camila Neilan,35,93553-3482,334 Manitowish Park,São Paulo,Mulher,C++,Japanese,Nenhum
300,Bill Presidey,73,42862-2058,1926 Havey Alley,São Paulo,Mulher,HTML,Portuguese,Nenhum
301,Prue Mariault,29,71180-4876,062 Mayfield Place,Brasília,Não binario,SQL,Portuguese,Fisico
302,Marmaduke Dulanty,46,52016-6269,2 Oneill Trail,Brasília,Prefiro não responder,C++,Japanese,Nenhum
303,Fidelity Gabbatt,70,02016-1217,4335 Green Ridge Street,Brasília,Prefiro não responder,Java,Portuguese,Visual
304,Lane Lummus,46,42082-7934,914 Southridge Way,Brasília,Prefiro não responder,Java,Chinese,Nenhum
305,Camella Burgot,70,39775-4167,3 Ruskin Road,São Paulo,Mulher,Swift,Portuguese,Nenhum
306,Rodie Fairlam,67,61799-6576,877 Holmberg Center,Brasília,Prefiro não responder,PHP,Arabic,Nenhum
307,Tildi Du Plantier,43,84543-0880,2 Park Meadow Avenue,Rio de Janeiro,Homem,Python,English,Auditiva
308,Stesha Behning,78,18673-7903,595 Claremont Lane,Salvador,Mulher,Swift,Italian,Intelectual
309,Efren Sprionghall,54,54490-0993,35242 Veith Parkway,Salvador,Homem,Java,Portuguese,Nenhum
310,Jan Guinness,52,78060-8351,3 Graceland Place,Fortaleza,Homem,HTML,English,Auditiva
311,Fenelia Brimacombe,77,52818-4489,76253 Shasta Street,Brasília,Homem,Java,Portuguese,Nenhum
312,Kordula Fullylove,47,62454-4876,3864 Sauthoff Drive,Brasília,Não binario,Ruby,German,Visual
313,Julia Hackinge,61,58833-7441,8 Bunting Circle,Rio de Janeiro,Mulher,PHP,Japanese,Intelectual
314,Sayre Kinglake,54,94146-9792,5 Main Alley,Rio de Janeiro,Homem,Swift,Portuguese,Fisico
315,Siana Boni,71,79560-7457,2325 Hanson Crossing,Salvador,Não binario,SQL,Portuguese,Auditiva
316,Letisha Grenfell,57,25648-2525,18 Heffernan Hill,Salvador,Homem,Ruby,Spanish,Auditiva
317,Del Woollhead,66,00353-8892,434 Ryan Hill,Brasília,Prefiro não responder,Swift,Portuguese,Nenhum
318,Ailey Burgan,57,33696-9638,5766 Village Park,São Paulo,Homem,Python,French,Nenhum
319,Rolando Le Floch,66,08386-7006,7 Burrows Drive,Salvador,Prefiro não responder,CSS,Portuguese,Fisico
320,Guenevere Quinion,36,62359-7403,58 Stuart Avenue,Brasília,Não binario,HTML,Portuguese,Nenhum
321,Catharina Davenall,46,25684-8942,4 Caliangt Lane,Rio de Janeiro,Mulher,Java,Portuguese,Nenhum
322,Pattin Crosetto,71,89510-9887,3464 Burrows Alley,Brasília,Prefiro não responder,C++,Russian,Nenhum
323,Darcie Fairbanks,33,95930-2045,74 Dwight Place,Fortaleza,Mulher,Swift,Russian,Nenhum
324,Laurent McPherson,43,31638-5054,0531 Porter Drive,Fortaleza,Mulher,SQL,German,Visual
325,Catherina Oleksiak,60,68122-3112,81612 American Ash Lane,Rio de Janeiro,Não binario,SQL,English,Visual
326,Irene Dillamore,80,90631-8877,8 Eagle Crest Terrace,Salvador,Homem,Ruby,Portuguese,Nenhum
327,Kirby Pendle,41,21970-5296,259 Talisman Court,Fortaleza,Não binario,Swift,Portuguese,Visual
328,Wallie Carroll,18,18457-0173,53 Truax Lane,Brasília,Não binario,Ruby,Portuguese,Auditiva
329,Filide Wingrove,44,49005-7751,99156 Grover Park,Brasília,Não binario,JavaScript,Portuguese,Visual
330,Coleen Crannis,19,80054-0595,65 Mayfield Parkway,São Paulo,Homem,SQL,German,Nenhum
331,Lindsey Powdrill,50,28730-3984,3868 Eastwood Circle,Rio de Janeiro,Homem,JavaScript,Portuguese,Auditiva
332,Brennen Vanacci,62,63224-6833,1935 7th Hill,Salvador,Homem,Java,Spanish,Auditiva
333,Aymer Breydin,19,40955-2259,75506 Ohio Parkway,São Paulo,Mulher,CSS,French,Nenhum
334,Malachi Sydes,26,89196-6185,91 Huxley Street,Salvador,Prefiro não responder,Ruby,English,Fisico
335,Kevon Mateus,33,70604-9393,8 Reinke Plaza,São Paulo,Não binario,PHP,German,Intelectual
336,Elmer Marle,63,53555-0805,320 Luster Hill,São Paulo,Não binario,JavaScript,Portuguese,Auditiva
337,Petey Lovie,68,37387-4113,6337 Dorton Way,São Paulo,Mulher,Ruby,Portuguese,Fisico
338,Gordon Eudall,65,79210-1549,92941 Homewood Parkway,Fortaleza,Homem,JavaScript,Portuguese,Nenhum
339,Yetty Antoni,27,09521-1714,246 Reindahl Junction,Rio de Janeiro,Homem,SQL,German,Nenhum
340,Wald Bartusek,18,95666-7364,1974 Old Shore Hill,Fortaleza,Homem,JavaScript,Portuguese,Visual
341,Derrik Eldredge,34,93027-2385,824 Killdeer Drive,Fortaleza,Não binario,JavaScript,Italian,Auditiva
342,Marsh Landis,53,20102-8700,940 Novick Circle,Rio de Janeiro,Prefiro não responder,Java,Italian,Auditiva
343,Manolo Stanyan,48,23570-9926,52507 Delladonna Avenue,Rio de Janeiro,Homem,C++,French,Auditiva
344,Sidonnie Odgaard,57,70194-9382,22673 Dorton Parkway,São Paulo,Homem,CSS,Portuguese,Visual
345,Marylinda Batchelar,59,39643-9354,3 Village Green Park,São Paulo,Homem,Swift,Portuguese,Nenhum
346,Garald Macauley,63,15513-4911,3013 Mayfield Drive,São Paulo,Homem,JavaScript,Portuguese,Visual
347,Darb Taffe,44,50551-9585,5 Village Green Street,Rio de Janeiro,Prefiro não responder,CSS,Portuguese,Intelectual
348,Faina Digg,72,23036-3410,61 Glacier Hill Terrace,Brasília,Prefiro não responder,Java,Portuguese,Auditiva
349,Midge Mease,39,98173-1171,6106 Forest Dale Court,Rio de Janeiro,Homem,Ruby,German,Nenhum
350,Penny Ikringill,63,60068-4633,66150 Spenser Park,Rio de Janeiro,Homem,Swift,Portuguese,Visual
351,Otis Pandie,36,87950-9771,067 Lotheville Road,São Paulo,Mulher,Swift,Portuguese,Nenhum
352,Heall Dunseath,33,94623-9959,546 Jana Street,Rio de Janeiro,Mulher,Swift,French,Nenhum
353,Anstice Bolesma,43,68550-6607,75954 Del Sol Pass,Salvador,Homem,Java,Italian,Visual
354,Emmalee Shawley,32,77027-7503,62482 Parkside Alley,Rio de Janeiro,Não binario,JavaScript,Spanish,Nenhum
355,Cornelle Bemrose,18,46627-5945,88778 Express Hill,Brasília,Homem,JavaScript,Portuguese,Nenhum
356,Humberto Spalding,45,85865-3670,037 Pierstorff Hill,Salvador,Prefiro não responder,CSS,Italian,Intelectual
357,Gorden Girvin,63,95404-0526,5593 Cherokee Street,Salvador,Prefiro não responder,HTML,Arabic,Auditiva
358,Cathee Grassot,64,66067-3437,12 Bay Point,Rio de Janeiro,Homem,Ruby,Portuguese,Intelectual
359,Lucas Fiske,22,75926-5559,08907 Hollow Ridge Plaza,Salvador,Homem,Swift,Portuguese,Nenhum
360,Ezmeralda Verrills,41,25281-0083,16442 Thierer Lane,Brasília,Mulher,JavaScript,Portuguese,Fisico
361,Rubi Carwardine,47,72781-7728,2514 Homewood Road,Salvador,Prefiro não responder,HTML,Arabic,Nenhum
362,Consuela Sickamore,33,52927-8348,6557 Lyons Junction,Brasília,Não binario,JavaScript,Portuguese,Nenhum
363,Ely Baggarley,38,46060-2700,9 Sloan Alley,Brasília,Mulher,Ruby,Arabic,Nenhum
364,Josephina Maffioletti,43,26091-9070,4 Bluestem Road,Salvador,Prefiro não responder,HTML,Portuguese,Fisico
365,Zane Illingworth,73,06051-8283,673 Summit Junction,Fortaleza,Mulher,SQL,Russian,Intelectual
366,Lynette Dalmon,32,21602-6323,662 Comanche Junction,São Paulo,Prefiro não responder,Swift,Portuguese,Auditiva
367,Baron Skates,66,86351-8833,0350 Duke Center,São Paulo,Homem,SQL,French,Visual
368,Sherman Thain,35,79213-9530,4 School Trail,Fortaleza,Não binario,SQL,Portuguese,Fisico
369,Reggie Ghelerdini,75,25595-5570,4 Kings Street,Rio de Janeiro,Prefiro não responder,CSS,Italian,Nenhum
370,Jonell Zealander,31,95036-5052,73365 Crescent Oaks Park,Rio de Janeiro,Mulher,HTML,English,Nenhum
371,Tiffany Treweke,42,83657-2503,39957 Dixon Center,Brasília,Prefiro não responder,Python,Portuguese,Nenhum
372,Guglielma Villiers,48,74534-3663,061 Fremont Park,São Paulo,Não binario,Java,Portuguese,Auditiva
373,Thadeus Gomersal,48,02159-1968,6 Bunting Center,Brasília,Homem,PHP,Japanese,Visual
374,Wylie Spadollini,32,66207-2386,4386 Haas Court,Fortaleza,Mulher,Python,Portuguese,Fisico
375,Filmer Pennock,60,47737-5404,67 Anthes Crossing,Rio de Janeiro,Homem,JavaScript,Portuguese,Nenhum
376,Farrah Hazel,76,85198-2240,2 Brown Pass,Brasília,Homem,Java,Portuguese,Auditiva
377,Sampson Papes,78,71867-7373,7370 Sullivan Plaza,Fortaleza,Homem,Python,Arabic,Visual
378,Woodie Gunson,26,26202-4769,57 Nancy Junction,Fortaleza,Não binario,HTML,French,Nenhum
379,Carrissa Faherty,52,36707-0701,62 5th Alley,São Paulo,Prefiro não responder,HTML,French,Auditiva
380,Melissa Axelby,73,72756-2923,07100 Monument Terrace,São Paulo,Homem,Java,Italian,Intelectual
381,Rasla Wigginton,52,78294-7421,3961 Boyd Terrace,Salvador,Homem,SQL,Arabic,Intelectual
382,Hagen Santi,27,67813-4843,604 Lyons Park,São Paulo,Prefiro não responder,HTML,English,Intelectual
383,Arther Marriott,31,23374-4515,48 Hansons Drive,Salvador,Homem,CSS,Italian,Auditiva
384,Mikaela Priddy,27,64739-4998,6 Kedzie Court,Rio de Janeiro,Mulher,Python,Portuguese,Intelectual
385,Christabella Igglesden,44,36551-6088,4 Di Loreto Point,Salvador,Mulher,Ruby,Italian,Nenhum
386,Karna Midgely,30,42322-2506,2 Garrison Alley,Salvador,Homem,SQL,Portuguese,Nenhum
387,Arlie Denisovich,35,81839-5160,21976 Hermina Trail,Salvador,Mulher,C++,Russian,Nenhum
388,Ulrika Di Bernardo,79,48506-7799,5572 Haas Alley,Rio de Janeiro,Mulher,PHP,Arabic,Intelectual
389,Constantine Rossbrooke,61,37469-8422,9389 Mayfield Trail,Salvador,Prefiro não responder,JavaScript,Portuguese,Auditiva
390,Lenci Rizzolo,71,68749-8163,92 Dorton Avenue,Rio de Janeiro,Prefiro não responder,Ruby,Chinese,Fisico
391,Lilah Dowyer,33,84792-7026,66 Gateway Lane,Brasília,Homem,Python,Portuguese,Visual
392,Adriaens Mintrim,77,07066-0700,79805 Ruskin Hill,Salvador,Homem,C++,Portuguese,Nenhum
393,Elisabeth McRuvie,68,09127-6523,9546 Oriole Way,Fortaleza,Mulher,Java,Chinese,Fisico
394,Deborah Croke,49,06388-5390,9 Starling Avenue,Salvador,Prefiro não responder,HTML,German,Intelectual
395,Gaylord Chrismas,60,47180-9361,3 Troy Junction,Salvador,Mulher,PHP,Portuguese,Nenhum
396,Devon Klehn,38,49333-3104,6 Golden Leaf Pass,São Paulo,Prefiro não responder,Swift,Russian,Auditiva
397,Dorette Demanche,60,87719-0477,61818 Hermina Crossing,São Paulo,Prefiro não responder,Ruby,Chinese,Intelectual
398,Nicolas Kirrage,56,85227-3104,6 Hintze Pass,Salvador,Não binario,Ruby,French,Nenhum
399,Burgess Upsale,53,29710-4968,5 Anzinger Pass,São Paulo,Não binario,JavaScript,Portuguese,Intelectual
400,Quinlan Glen,20,73374-2459,1002 Graceland Circle,São Paulo,Homem,SQL,English,Nenhum
401,Loralee Dungee,26,45040-8338,269 Hoffman Place,Rio de Janeiro,Homem,Python,Portuguese,Auditiva
402,Bryn Caizley,30,65279-1550,9191 Morrow Park,São Paulo,Mulher,PHP,Portuguese,Nenhum
403,Randee Henricsson,43,98466-0685,26 Butterfield Place,São Paulo,Homem,Swift,Portuguese,Fisico
404,Johnathan Grundon,70,43721-3128,2 Goodland Parkway,Brasília,Homem,PHP,English,Nenhum
405,Hobie Foggarty,48,13060-3135,22843 Elgar Circle,Salvador,Mulher,JavaScript,Portuguese,Nenhum
406,Maxy Halgarth,34,83598-6329,92376 Farwell Drive,São Paulo,Não binario,C++,Portuguese,Nenhum
407,Lesli Roelvink,63,00008-5953,0 Florence Crossing,Rio de Janeiro,Não binario,HTML,Arabic,Nenhum
408,Bell Hobbing,28,94789-6479,21654 Corry Lane,Fortaleza,Homem,CSS,Italian,Nenhum
409,Fifi Mildenhall,62,11857-0456,97544 Randy Parkway,Fortaleza,Mulher,SQL,Portuguese,Visual
410,Brook Kose,71,80348-6504,61259 Green Junction,Salvador,Não binario,Python,Japanese,Visual
411,Kenna Deerr,46,66849-6139,27 Shelley Pass,Fortaleza,Não binario,SQL,Spanish,Fisico
412,Desmund Tingly,45,60638-7459,95 Hudson Road,Salvador,Prefiro não responder,Java,Portuguese,Auditiva
413,Vanya Doidge,70,34174-7084,496 Judy Park,Salvador,Mulher,Swift,Italian,Auditiva
414,Elita Nazareth,59,57906-9553,239 West Parkway,Fortaleza,Homem,JavaScript,French,Auditiva
415,Fionna Floris,25,64585-4956,0661 Brown Point,Brasília,Não binario,HTML,Portuguese,Visual
416,Stanford Kleinmann,33,93989-3407,5658 Pearson Crossing,Rio de Janeiro,Homem,Swift,Portuguese,Nenhum
417,Berkley Brevitt,60,70782-5261,802 Springview Circle,Rio de Janeiro,Prefiro não responder,Java,Portuguese,Nenhum
418,Cherilynn Jump,80,22285-1022,4292 Reindahl Trail,São Paulo,Homem,Python,Portuguese,Nenhum
419,Rycca Bernetti,66,26178-1350,0 Dawn Road,Fortaleza,Mulher,Java,Portuguese,Nenhum
420,Perkin Mar,50,20992-3766,83301 Ridgeview Road,Fortaleza,Mulher,CSS,Portuguese,Nenhum
421,Catlee Mariet,58,42702-3996,487 Mallory Pass,São Paulo,Prefiro não responder,PHP,Portuguese,Visual
422,Brennen Domino,31,29823-7574,32265 Anniversary Place,Salvador,Prefiro não responder,Ruby,Portuguese,Nenhum
423,Leda Slite,57,76466-2080,1099 Melody Plaza,Fortaleza,Homem,Ruby,Italian,Nenhum
424,Seana Ivanonko,51,95137-8228,04 Bonner Plaza,São Paulo,Prefiro não responder,SQL,French,Visual
425,Merle Stormouth,24,48870-4841,8294 Service Center,Brasília,Homem,Python,Portuguese,Intelectual
426,Eyde Wethered,69,46628-4018,8431 Crowley Junction,Fortaleza,Não binario,PHP,Chinese,Nenhum
427,Matilde Kern,49,94310-4719,23960 Lighthouse Bay Junction,Fortaleza,Mulher,JavaScript,Italian,Nenhum
428,Othilia Ternott,39,84653-1136,17569 Park Meadow Drive,São Paulo,Não binario,SQL,Portuguese,Intelectual
429,Ronald Andrin,31,49072-7747,1 Fieldstone Court,Brasília,Não binario,JavaScript,Portuguese,Nenhum
430,Maybelle Lowten,42,87894-4919,97511 Esker Court,Rio de Janeiro,Mulher,Swift,Portuguese,Nenhum
431,Vinnie Goulston,58,46169-9029,5 Transport Terrace,Rio de Janeiro,Não binario,SQL,Chinese,Nenhum
432,Tudor Kyrkeman,76,77986-3333,59 Dixon Pass,Fortaleza,Mulher,CSS,Japanese,Visual
433,Zelig Stonebanks,27,15119-4102,8336 Valley Edge Court,Brasília,Mulher,Python,Portuguese,Visual
434,Bernette Busen,43,03876-9791,519 Ilene Parkway,Fortaleza,Não binario,JavaScript,Portuguese,Nenhum
435,Tobey Kither,48,60708-9997,14742 Mockingbird Court,Rio de Janeiro,Prefiro não responder,PHP,Portuguese,Nenhum
436,Missy Dumblton,38,07100-2284,537 Eggendart Pass,São Paulo,Prefiro não responder,JavaScript,Portuguese,Intelectual
437,Cristobal Dugood,78,83440-1211,273 Fisk Road,Salvador,Homem,Java,Portuguese,Nenhum
438,Lionel Clelland,42,84839-5758,4 Norway Maple Crossing,Salvador,Não binario,PHP,Portuguese,Visual
439,Ilyssa Dundredge,56,99537-8709,4 Marcy Court,São Paulo,Homem,Python,Portuguese,Fisico
440,Mina Shutt,22,83530-8035,7961 New Castle Parkway,Rio de Janeiro,Homem,JavaScript,Italian,Nenhum
441,Donia Brinklow,68,31620-5017,8 Magdeline Way,Salvador,Homem,Swift,Portuguese,Intelectual
442,Leoine Peasby,79,66261-2142,74675 Continental Circle,Salvador,Homem,HTML,Arabic,Visual
443,Lishe Larver,40,35264-2636,3352 Holy Cross Crossing,Fortaleza,Não binario,C++,Spanish,Nenhum
444,Travers Handrahan,45,74990-7643,61 Old Gate Drive,Fortaleza,Mulher,JavaScript,Russian,Intelectual
445,Savina Small,75,17924-4820,023 Helena Avenue,São Paulo,Homem,SQL,Portuguese,Auditiva
446,Niccolo Rumford,79,85797-2707,878 Melby Hill,Brasília,Mulher,PHP,Chinese,Auditiva
447,Felicia Sainteau,36,82313-6144,74552 Fieldstone Avenue,Rio de Janeiro,Prefiro não responder,Java,Portuguese,Auditiva
448,Madonna Blondel,34,82048-0675,0636 Center Terrace,Rio de Janeiro,Não binario,HTML,Chinese,Auditiva
449,George Coffee,43,73414-7379,7 Hanson Court,Rio de Janeiro,Homem,SQL,Arabic,Nenhum
450,Frances Shutler,46,97177-3723,80740 Sage Junction,Brasília,Mulher,JavaScript,German,Visual
451,Brook Graysmark,50,00064-4222,9427 Thierer Park,Fortaleza,Não binario,Python,Portuguese,Nenhum
452,Charmane Fatharly,40,06674-1865,3 Rigney Trail,São Paulo,Homem,JavaScript,Portuguese,Nenhum
453,Reagen Redfield,69,17437-8070,1 Monterey Junction,Fortaleza,Mulher,C++,Portuguese,Nenhum
454,Menard Sibyllina,38,07765-8680,41079 Elka Lane,Salvador,Não binario,Ruby,Japanese,Nenhum
455,Rooney Guyers,44,49650-0524,694 Bonner Hill,Fortaleza,Homem,HTML,Portuguese,Nenhum
456,Ardra Rosenblum,74,47683-7992,197 Logan Circle,Fortaleza,Homem,Java,Arabic,Intelectual
457,Edward Sherrocks,60,24999-6495,709 Orin Park,São Paulo,Homem,Swift,Portuguese,Auditiva
458,Killie Buddell,65,08605-6790,413 Tomscot Terrace,Brasília,Prefiro não responder,PHP,Portuguese,Fisico
459,Josie Shinton,45,65488-7068,5548 Warner Avenue,Rio de Janeiro,Homem,Java,Chinese,Nenhum
460,Deva Byneth,42,21055-5487,8 Twin Pines Crossing,São Paulo,Não binario,Ruby,Russian,Auditiva
461,Bili MacNaughton,72,67755-0663,97078 Del Mar Drive,Rio de Janeiro,Não binario,C++,German,Fisico
462,Evie Thonger,30,93335-5085,0653 Meadow Vale Road,Fortaleza,Homem,SQL,Portuguese,Nenhum
463,Emelita Le Huquet,66,01435-0880,68399 Warner Avenue,Salvador,Mulher,JavaScript,Portuguese,Nenhum
464,Shirlee Jeal,50,13230-0491,5355 Erie Avenue,Salvador,Não binario,Python,Italian,Nenhum
465,Alexio Tschiersch,67,49530-9480,502 Goodland Road,São Paulo,Mulher,Java,Italian,Visual
466,Leonerd Fantini,58,87882-5714,3792 Brickson Park Parkway,Fortaleza,Mulher,Ruby,Portuguese,Auditiva
467,Lorianna Cotgrave,42,53181-6308,1 Melrose Place,Rio de Janeiro,Homem,PHP,Chinese,Nenhum
468,Elyssa Geaney,50,35662-8641,7 Dixon Road,Salvador,Não binario,Python,Portuguese,Visual
469,Carmelina Pretorius,43,21001-7714,608 Alpine Parkway,Salvador,Mulher,CSS,Portuguese,Visual
470,Everett Eliaz,73,19529-9421,0277 Bluejay Terrace,Brasília,Não binario,Swift,Portuguese,Intelectual
471,Madelyn Elcome,53,95886-3225,16825 Brentwood Lane,Rio de Janeiro,Prefiro não responder,Python,Arabic,Intelectual
472,Raff Moylan,18,48835-5063,85381 Cherokee Way,São Paulo,Prefiro não responder,JavaScript,Arabic,Intelectual
473,Myles Taye,59,84649-7637,669 Comanche Place,São Paulo,Mulher,CSS,French,Auditiva
474,Quintilla Axelbey,25,80666-3371,00814 Helena Drive,Fortaleza,Mulher,HTML,Portuguese,Nenhum
475,Candie Hazlehurst,47,25779-5492,9421 Golden Leaf Place,Fortaleza,Não binario,PHP,Japanese,Intelectual
476,Nita Lathwell,19,74805-3829,970 Daystar Terrace,São Paulo,Prefiro não responder,HTML,Spanish,Visual
477,Curr Marchington,38,71449-7260,8 Mallard Place,Salvador,Prefiro não responder,Ruby,Portuguese,Nenhum
478,Ivie Minot,57,30707-2932,7 Warbler Avenue,Rio de Janeiro,Prefiro não responder,Java,Portuguese,Auditiva
479,Umberto Kilcullen,22,17377-2463,468 Thompson Road,São Paulo,Mulher,CSS,Spanish,Nenhum
480,Erna Gregorin,26,28762-7102,12 Canary Road,Salvador,Não binario,C++,Portuguese,Auditiva
481,Joela Dubose,38,59559-9577,50 Tennyson Trail,Rio de Janeiro,Prefiro não responder,HTML,French,Nenhum
482,Jonas Atte-Stone,65,50947-8516,6 Lakewood Alley,São Paulo,Homem,HTML,French,Nenhum
483,Jereme Gorman,46,13886-5019,39 Johnson Terrace,Fortaleza,Prefiro não responder,SQL,Portuguese,Nenhum
484,Hephzibah Kopf,70,23107-3182,26593 Aberg Avenue,São Paulo,Homem,C++,Chinese,Nenhum
485,Ambrosi Syers,35,09913-7711,9 Ridgeway Center,Salvador,Mulher,JavaScript,Spanish,Intelectual
486,Derick Grimsdyke,50,44673-4997,845 Fuller Place,São Paulo,Mulher,CSS,Portuguese,Nenhum
487,Ardith Bonett,40,91806-3762,8430 Bonner Junction,Rio de Janeiro,Homem,JavaScript,Japanese,Intelectual
488,Gussy Cleyne,56,71442-0129,28 Hoffman Park,Rio de Janeiro,Não binario,CSS,Portuguese,Nenhum
489,Morgen Hanna,37,85842-5964,84 Arizona Park,São Paulo,Mulher,Swift,Portuguese,Nenhum
490,Brant Sterte,64,90636-0939,54573 Kipling Street,Salvador,Não binario,JavaScript,Spanish,Nenhum
491,Clerissa Thairs,45,50252-4809,78554 Mayer Way,Brasília,Homem,PHP,Portuguese,Nenhum
492,Jobye Pinkerton,39,36588-8852,6 Pleasure Trail,Brasília,Não binario,PHP,Portuguese,Nenhum
493,Philipa Rockhall,33,28711-4922,5 Hudson Way,Brasília,Prefiro não responder,JavaScript,Portuguese,Intelectual
494,Christa MacNish,57,26727-5967,43439 Banding Point,Brasília,Prefiro não responder,HTML,Italian,Visual
495,Rita Scanlin,20,78584-3893,06223 Waxwing Hill,São Paulo,Prefiro não responder,Python,Italian,Auditiva
496,Charmaine Bartoszinski,18,96693-1053,317 Fairview Terrace,Rio de Janeiro,Homem,C++,Italian,Visual
497,Fayth Russan,69,37801-5149,5447 Kinsman Alley,Rio de Janeiro,Homem,Ruby,English,Nenhum
498,Birdie Andreucci,52,52928-9370,50953 Thompson Point,Fortaleza,Homem,HTML,Portuguese,Nenhum
499,Holly Doughty,62,56851-6045,30 Sunfield Junction,Salvador,Homem,Java,Portuguese,Fisico
500,Randie Linfitt,20,85493-5010,3598 Pankratz Road,Salvador,Mulher,SQL,Portuguese,Nenhum
501,Chrystal McTear,48,79708-2306,0 Miller Road,Rio de Janeiro,Homem,CSS,Portuguese,Nenhum
502,Ashlee Heymann,68,74024-9982,0 Carey Junction,Fortaleza,Prefiro não responder,Java,Portuguese,Visual
503,Daniel Maccaddie,36,71259-2129,03358 Mesta Junction,Brasília,Homem,HTML,Portuguese,Nenhum
504,Javier Coltart,29,38106-2465,632 Anniversary Place,Brasília,Prefiro não responder,SQL,Portuguese,Intelectual
505,Roch Swan,45,39718-8623,1389 Bartillon Point,Rio de Janeiro,Mulher,C++,Portuguese,Nenhum
506,Care Seville,50,62594-1911,86 Schiller Court,Salvador,Mulher,C++,Spanish,Fisico
507,Kendre Kingsman,46,64441-4700,18 Burning Wood Point,São Paulo,Não binario,PHP,German,Visual
508,Shirline Rudram,63,33722-2107,2 Independence Park,Rio de Janeiro,Homem,Ruby,Portuguese,Intelectual
509,Jenelle Tricker,52,08670-0058,36 Columbus Parkway,Fortaleza,Não binario,HTML,Portuguese,Intelectual
510,Issy Mil,68,91743-6074,7735 Linden Place,Fortaleza,Homem,HTML,Japanese,Auditiva
511,Betty Keach,27,59496-9907,210 Browning Plaza,Rio de Janeiro,Prefiro não responder,Python,Portuguese,Nenhum
512,Wernher Adamczyk,58,40715-1069,6665 Darwin Pass,Salvador,Prefiro não responder,HTML,Chinese,Nenhum
513,Letti Musso,63,90458-5043,6534 Spenser Pass,Salvador,Prefiro não responder,C++,French,Intelectual
514,Gilemette Derrett,39,55542-0077,88136 Anderson Pass,Rio de Janeiro,Homem,C++,French,Intelectual
515,Ainslee Aspey,55,89852-2243,5 4th Center,Brasília,Homem,Python,German,Nenhum
516,Melvin Brasher,75,05957-1259,31401 Hansons Lane,Fortaleza,Prefiro não responder,PHP,French,Fisico
517,Etty Jendrich,79,22334-7671,9 Division Court,Fortaleza,Mulher,CSS,Portuguese,Nenhum
518,Cammie Mooring,21,56725-5542,9831 Nova Park,Rio de Janeiro,Não binario,Ruby,Portuguese,Auditiva
519,Jamima Janczewski,63,98358-6265,3 Holmberg Street,Rio de Janeiro,Prefiro não responder,Ruby,Portuguese,Fisico
520,Arlin Divina,43,55223-2013,413 Sherman Point,São Paulo,Prefiro não responder,Python,English,Intelectual
521,Wallis Andrat,34,89801-0338,22905 Dawn Junction,Brasília,Prefiro não responder,HTML,Japanese,Visual
522,Jody Quinby,59,34382-1328,29 Fallview Pass,Brasília,Homem,Swift,French,Nenhum
523,Greta Makin,25,68018-1234,4856 Hovde Court,Rio de Janeiro,Não binario,Java,German,Auditiva
524,Alicea Cheng,38,44590-4975,9565 Cambridge Court,Salvador,Prefiro não responder,SQL,Japanese,Intelectual
525,Sal Remington,37,40149-3952,0017 Michigan Way,Salvador,Mulher,SQL,Portuguese,Auditiva
526,Natassia Tomkiss,24,33117-2257,4945 Sachs Street,Salvador,Mulher,Ruby,Portuguese,Intelectual
527,Bail Trussman,70,16595-8440,8236 2nd Plaza,Rio de Janeiro,Não binario,Python,Portuguese,Auditiva
528,Derron McCall,34,62248-3910,44 Burning Wood Point,São Paulo,Não binario,PHP,Portuguese,Nenhum
529,Cornie Trendle,36,21759-6809,76 Hagan Plaza,Fortaleza,Homem,CSS,Portuguese,Auditiva
530,Daren Menault,76,38637-4262,0505 Pleasure Park,Brasília,Mulher,HTML,Spanish,Nenhum
531,Rocky Bermingham,68,15778-4840,1 Jana Lane,Salvador,Não binario,PHP,Portuguese,Nenhum
532,Hilton Gowdy,53,03174-1553,706 Dennis Lane,Brasília,Mulher,JavaScript,Portuguese,Intelectual
533,Hannah McAree,36,94799-6674,2150 Sugar Street,Rio de Janeiro,Homem,Ruby,Arabic,Nenhum
534,Kara Bare,25,45690-6573,596 Redwing Crossing,Rio de Janeiro,Prefiro não responder,Python,Chinese,Visual
535,Starla Harlock,35,63045-6513,87 Glacier Hill Court,Salvador,Mulher,Python,Portuguese,Nenhum
536,Isabelle Curtiss,46,06462-4619,8157 East Court,Rio de Janeiro,Prefiro não responder,Swift,Portuguese,Nenhum
537,Dayle Merkel,46,93731-3235,05059 Hanover Alley,Rio de Janeiro,Mulher,SQL,English,Visual
538,Zared Braemer,39,51757-5537,6 Merry Pass,São Paulo,Não binario,Java,Chinese,Nenhum
539,Dick Goney,44,50651-7847,69 Maple Wood Point,Brasília,Mulher,HTML,Spanish,Visual
540,Mord Lage,45,63049-3919,081 Sycamore Trail,Brasília,Mulher,JavaScript,German,Intelectual
541,Irvine Szymaniak,77,98620-3639,6188 1st Way,Fortaleza,Prefiro não responder,PHP,French,Nenhum
542,Amandie De Launde,39,30610-6700,83 Warrior Circle,Rio de Janeiro,Mulher,Swift,Spanish,Nenhum
543,Marta Polotti,72,83968-2826,31 Dixon Point,Rio de Janeiro,Não binario,Java,Portuguese,Nenhum
544,Nelli Coathup,31,49736-4542,87257 Kensington Circle,Brasília,Mulher,SQL,English,Nenhum
545,Marcelia Djurkovic,64,05079-9922,86 Pine View Junction,Rio de Janeiro,Homem,C++,Portuguese,Auditiva
546,Luisa Broadnicke,18,81862-8058,5 Jenna Street,São Paulo,Homem,C++,Italian,Fisico
547,Didi Heeran,40,77959-5134,6713 Carpenter Court,Salvador,Prefiro não responder,Swift,Portuguese,Intelectual
548,Swen Garfoot,72,73118-7284,70 Harbort Plaza,Brasília,Prefiro não responder,JavaScript,French,Nenhum
549,Rita Symondson,67,48067-7571,84719 Schurz Plaza,Brasília,Homem,Ruby,Portuguese,Auditiva
550,Geordie Abry,65,46845-4978,4563 Bayside Junction,São Paulo,Não binario,HTML,Portuguese,Nenhum
551,Madelle Aleksandrev,77,71651-7229,64 Grasskamp Alley,Brasília,Prefiro não responder,Swift,Italian,Intelectual
552,Sonni Acedo,18,49974-3887,9495 Forster Hill,Rio de Janeiro,Mulher,SQL,Portuguese,Fisico
553,Elvyn Yeend,59,70365-5659,069 Fairfield Way,Brasília,Não binario,CSS,French,Nenhum
554,Jo-ann Tuffey,29,14180-5178,1 Melrose Court,Rio de Janeiro,Homem,HTML,Portuguese,Intelectual
555,Ralina Sangster,41,80077-1856,160 Gina Plaza,Salvador,Não binario,SQL,Portuguese,Nenhum
556,Candice Tilt,19,44759-0090,39 Blue Bill Park Plaza,São Paulo,Mulher,HTML,Portuguese,Nenhum
557,Collie Aldrick,77,60168-4386,4 Summit Way,Salvador,Não binario,Swift,Portuguese,Fisico
558,Ambrose Jaquemar,48,91871-4958,14468 Michigan Center,Fortaleza,Homem,C++,Chinese,Visual
559,Guy Letchmore,37,56285-2304,3 Hazelcrest Park,Rio de Janeiro,Prefiro não responder,Python,French,Nenhum
560,Yule O'Donoghue,27,48581-4407,86768 Namekagon Alley,Fortaleza,Não binario,C++,Portuguese,Visual
561,Kissee Levins,34,22962-6799,4 Del Sol Terrace,Rio de Janeiro,Não binario,Python,Chinese,Intelectual
562,Sibley Hammerton,28,75166-0878,1738 Erie Point,Salvador,Não binario,SQL,Portuguese,Nenhum
563,Roseann Kettridge,68,11533-0877,90 Hermina Terrace,Salvador,Homem,C++,English,Nenhum
564,Glenn Crisall,70,69151-4458,8211 Manley Plaza,São Paulo,Homem,JavaScript,Chinese,Intelectual
565,Kaylee Bohlje,70,14263-5746,3 Parkside Court,Fortaleza,Prefiro não responder,PHP,Portuguese,Intelectual
566,Edwin Matantsev,41,73376-2003,2 Red Cloud Hill,Rio de Janeiro,Mulher,C++,Portuguese,Nenhum
567,Jourdan Lawry,48,84848-9654,9032 Independence Drive,Fortaleza,Não binario,JavaScript,Portuguese,Visual
568,Ianthe Gleed,60,99904-2067,98 Maple Point,São Paulo,Mulher,Swift,Arabic,Intelectual
569,Rori Weall,32,41331-8904,00 Mcbride Center,Salvador,Homem,CSS,Russian,Auditiva
570,Carline Ary,53,71869-3061,3 Amoth Plaza,Brasília,Mulher,PHP,French,Nenhum
571,Elnora Dast,44,34840-2004,872 Eggendart Junction,Rio de Janeiro,Não binario,C++,Portuguese,Auditiva
572,Winny Summerlee,30,31546-7997,37488 Melody Junction,Fortaleza,Homem,C++,Portuguese,Nenhum
573,Tansy Artharg,47,59020-9809,7 Shelley Pass,São Paulo,Homem,C++,German,Auditiva
574,Anthe Baldrick,46,95370-0709,974 Nova Avenue,Brasília,Não binario,Ruby,Portuguese,Visual
575,Crosby Matteucci,39,61100-8051,14 Maryland Lane,Salvador,Mulher,Python,Portuguese,Auditiva
576,Gabi Silverthorne,52,84745-1357,09 Doe Crossing Circle,São Paulo,Não binario,Swift,Portuguese,Fisico
577,Logan Garr,63,52573-4677,680 Autumn Leaf Point,Rio de Janeiro,Não binario,Ruby,Italian,Nenhum
578,Tamma Christoffe,19,85598-9461,87772 Carpenter Circle,Brasília,Prefiro não responder,C++,Italian,Intelectual
579,Shelby Aphale,58,62205-0471,35 Evergreen Point,Fortaleza,Homem,JavaScript,French,Nenhum
580,Colas Zannelli,52,10043-5793,38 Kim Hill,Rio de Janeiro,Prefiro não responder,HTML,Portuguese,Auditiva
581,Gertruda Uzelli,51,05083-7312,1 Holy Cross Road,Salvador,Não binario,PHP,Portuguese,Visual
582,Lancelot Brauner,74,08862-7855,48853 Rutledge Street,Rio de Janeiro,Homem,JavaScript,Portuguese,Nenhum
583,Carrissa Maunsell,49,61077-2967,68 Mayer Lane,Salvador,Mulher,HTML,Italian,Auditiva
584,Culley Lowless,25,29725-1819,54 Hollow Ridge Terrace,Brasília,Homem,Java,Portuguese,Nenhum
585,Heather Grewar,29,38631-3920,54 Muir Point,São Paulo,Mulher,Swift,Arabic,Intelectual
586,Audi Shillington,20,04161-8308,87592 Shoshone Terrace,Salvador,Mulher,Python,Spanish,Nenhum
587,Vincent Borrie,39,56352-1369,79 West Terrace,Salvador,Não binario,C++,Portuguese,Visual
588,Nadeen Benedidick,73,09166-3869,04 Corben Way,Rio de Janeiro,Mulher,JavaScript,Portuguese,Auditiva
589,Marthe Doyle,56,26774-7083,38 Pankratz Plaza,Rio de Janeiro,Não binario,Python,Arabic,Auditiva
590,Carlynne Orneles,23,32851-0816,62 Fairview Point,Brasília,Homem,Ruby,Arabic,Visual
591,Joye Riggoll,35,04442-2226,1 Moose Road,São Paulo,Não binario,SQL,Japanese,Visual
592,Jacquelin Spon,72,08470-4084,1441 Stone Corner Place,Brasília,Não binario,PHP,French,Fisico
593,Lauren Dunbobin,44,84057-8893,600 Superior Drive,Fortaleza,Mulher,PHP,Japanese,Nenhum
594,Fedora Fairbridge,77,29915-8365,8405 Waubesa Terrace,Fortaleza,Prefiro não responder,SQL,Portuguese,Auditiva
595,Sloan Sharpe,18,83264-4196,9 Garrison Place,Fortaleza,Mulher,PHP,Arabic,Nenhum
596,Dorella Stavers,42,00140-2102,56 Burning Wood Park,Salvador,Prefiro não responder,PHP,English,Nenhum
597,Meridel Stit,20,66983-5371,71 Comanche Point,Brasília,Homem,Python,French,Nenhum
598,Dahlia Stockney,62,07013-4457,350 Arapahoe Parkway,São Paulo,Prefiro não responder,HTML,Spanish,Nenhum
599,Cull Redholls,34,78062-4609,61399 Sherman Avenue,Salvador,Homem,SQL,Japanese,Nenhum
600,Dacy Twamley,28,63911-9033,8 Dennis Court,São Paulo,Mulher,SQL,Spanish,Visual
601,Evie Dufaur,56,24012-8281,9 Susan Pass,São Paulo,Não binario,C++,English,Fisico
602,Saunder Evenden,18,86584-5327,3 Oak Circle,Fortaleza,Mulher,Swift,Arabic,Visual
603,Danya Roskilly,58,01252-2146,5 Meadow Vale Crossing,São Paulo,Prefiro não responder,Python,English,Visual
604,Susanna McCaughran,71,60287-1021,770 Fisk Terrace,Rio de Janeiro,Prefiro não responder,JavaScript,Portuguese,Nenhum
605,Major Josilevich,28,02777-1051,519 Waywood Point,Rio de Janeiro,Não binario,C++,Portuguese,Intelectual
606,Steve Bantham,48,21788-0029,1 Twin Pines Point,Rio de Janeiro,Mulher,Python,Japanese,Fisico
607,Bonny Verrico,43,40837-8352,3 Talisman Way,Salvador,Não binario,PHP,Portuguese,Nenhum
608,Allan Maxstead,23,73231-0062,2407 Mariners Cove Pass,Brasília,Homem,Java,Portuguese,Fisico
609,Arlyn Manon,25,29312-4701,91 Caliangt Place,Rio de Janeiro,Homem,JavaScript,Portuguese,Nenhum
610,Merry Etchell,49,88728-6196,03361 Dwight Court,Fortaleza,Mulher,Swift,Portuguese,Nenhum
611,Janie Sedgemond,39,16774-4275,34171 Oak Court,São Paulo,Homem,JavaScript,Italian,Nenhum
612,Stephannie Jepp,36,57293-0042,179 Bowman Hill,São Paulo,Prefiro não responder,SQL,Portuguese,Nenhum
613,Fred Leyes,58,87483-9833,3 Nevada Terrace,Fortaleza,Não binario,C++,Portuguese,Nenhum
614,Dianna Follan,21,27017-5331,51211 Monument Point,São Paulo,Não binario,Java,Portuguese,Nenhum
615,Lucias Creavin,38,95038-3982,37 Alpine Park,Fortaleza,Homem,Java,Spanish,Nenhum
616,Tim Bogeys,21,53162-3019,84 Carioca Way,Rio de Janeiro,Não binario,C++,Japanese,Intelectual
617,Chad Cuthbertson,55,32709-4250,72589 South Lane,Salvador,Não binario,Swift,Portuguese,Nenhum
618,Roldan Newband,77,77367-0877,7 Mockingbird Street,Brasília,Não binario,PHP,Spanish,Visual
619,Iosep Waugh,42,29517-1567,333 Leroy Road,São Paulo,Mulher,Python,Portuguese,Intelectual
620,Tad Ingledew,80,33179-6530,8376 Eagan Point,São Paulo,Homem,Python,Portuguese,Nenhum
621,Odessa Fockes,60,06786-2325,54938 Dahle Lane,Salvador,Não binario,Python,French,Nenhum
622,Cully Donnel,75,17235-2958,66 Eagle Crest Center,São Paulo,Prefiro não responder,Java,Portuguese,Nenhum
623,Codi Heams,80,98004-7396,50876 Straubel Road,Salvador,Mulher,PHP,English,Nenhum
624,Lauretta Coolbear,34,13127-4691,117 Northridge Junction,São Paulo,Homem,PHP,Spanish,Auditiva
625,Izaak Champken,33,02033-5943,7346 Crowley Trail,Brasília,Prefiro não responder,JavaScript,German,Nenhum
626,Arnaldo Ledster,19,70929-5882,1634 Glacier Hill Circle,Brasília,Não binario,JavaScript,Portuguese,Nenhum
627,Amandi Lackmann,65,50464-9670,5157 Kedzie Circle,São Paulo,Mulher,JavaScript,Portuguese,Intelectual
628,Rinaldo Wingatt,71,88250-7959,42666 Buell Hill,Salvador,Não binario,Java,Spanish,Nenhum
629,Boycey Noller,42,77619-9085,600 Vernon Point,São Paulo,Não binario,C++,English,Nenhum
630,Talia Badwick,32,85176-0738,99 Northland Plaza,Fortaleza,Mulher,Ruby,Portuguese,Nenhum
631,Allison McKane,19,76988-5476,4266 Sage Alley,Salvador,Homem,Ruby,Portuguese,Nenhum
632,Angeli Giovannilli,72,09483-7462,84 Di Loreto Point,Salvador,Prefiro não responder,Python,Portuguese,Auditiva
633,Warner Yushkin,45,84565-7139,6 Londonderry Road,Rio de Janeiro,Prefiro não responder,CSS,Portuguese,Visual
634,Aylmer Duny,80,40166-2317,80 Debra Terrace,Rio de Janeiro,Não binario,Python,Chinese,Visual
635,Wells Ramalho,18,56594-5009,5582 Arapahoe Place,São Paulo,Prefiro não responder,C++,Portuguese,Intelectual
636,Emiline Elder,69,64601-6177,85 Cascade Trail,Salvador,Não binario,Swift,Portuguese,Nenhum
637,Rubina Coverley,29,63986-8885,3218 Ludington Road,Salvador,Mulher,JavaScript,Russian,Auditiva
638,Mitchel Lanaway,77,63504-6443,173 Oriole Pass,Brasília,Homem,Swift,Chinese,Auditiva
639,Nahum Eva,49,62283-5437,52082 Schurz Road,Brasília,Homem,C++,German,Visual
640,Stanley McSweeney,58,90931-8961,23 Schurz Place,Fortaleza,Não binario,PHP,Portuguese,Nenhum
641,Dalila Assinder,23,11169-3017,30643 Dexter Court,São Paulo,Homem,Ruby,Chinese,Visual
642,Emelina Polk,58,13558-6770,09 Northfield Place,Brasília,Não binario,JavaScript,Japanese,Fisico
643,Francyne Sprade,62,83742-5996,25754 Reindahl Plaza,Rio de Janeiro,Mulher,Ruby,Portuguese,Intelectual
644,Beverlie Carabine,29,79727-0418,5644 Crest Line Center,Brasília,Prefiro não responder,CSS,German,Nenhum
645,Catharine Hardaker,52,92203-7086,51069 Summit Lane,Rio de Janeiro,Homem,Python,Portuguese,Auditiva
646,Karie Geaveny,33,35160-8540,51721 Grim Place,Salvador,Prefiro não responder,C++,Portuguese,Nenhum
647,Abby Jentgens,31,06354-0642,1346 Farwell Pass,Rio de Janeiro,Homem,Ruby,Portuguese,Auditiva
648,Si Alps,40,30143-6866,7839 Rowland Road,Fortaleza,Prefiro não responder,Java,Russian,Nenhum
649,Giffard Learmonth,46,31814-7978,43 Killdeer Circle,Salvador,Não binario,HTML,Arabic,Fisico
650,Delilah Kyllford,29,20275-8677,85 Reindahl Point,São Paulo,Não binario,SQL,Portuguese,Intelectual
651,Alexandrina Itscowics,19,47337-9190,23215 Nova Drive,Fortaleza,Mulher,HTML,Portuguese,Nenhum
652,Darcie Lashmore,78,31538-7738,597 Claremont Plaza,Fortaleza,Homem,Python,Portuguese,Intelectual
653,Flo Drivers,45,67805-8686,5533 Scofield Center,Rio de Janeiro,Homem,CSS,English,Nenhum
654,Lind Coulthard,59,84170-1716,80510 Garrison Crossing,Rio de Janeiro,Homem,Swift,French,Nenhum
655,Jordan Tiddeman,23,74820-8374,61 Morning Crossing,Fortaleza,Prefiro não responder,JavaScript,Portuguese,Nenhum
656,Rhianna Karus,27,90053-3184,88195 Vidon Parkway,Salvador,Homem,CSS,Spanish,Auditiva
657,Cecile Farnes,26,44735-6482,2 Forest Street,Rio de Janeiro,Mulher,PHP,Russian,Visual
658,Wenda Ranyard,49,11482-7194,4175 New Castle Trail,Brasília,Homem,SQL,German,Fisico
659,Gilligan Gillinghams,19,04382-7686,42 Oxford Pass,Brasília,Prefiro não responder,CSS,Japanese,Nenhum
660,Scottie Dudek,80,51676-5285,1 Springview Place,Fortaleza,Homem,JavaScript,Portuguese,Visual
661,Chiquia Fick,67,00362-5403,416 Independence Lane,São Paulo,Homem,C++,French,Nenhum
662,Hilton Suthworth,19,12261-3656,96960 Sachtjen Junction,São Paulo,Não binario,CSS,Portuguese,Auditiva
663,Fredrika Janus,75,60416-1221,6 Katie Way,Salvador,Homem,SQL,Italian,Visual
664,Lombard Gors,28,98263-9600,7078 Arizona Junction,São Paulo,Prefiro não responder,SQL,Italian,Visual
665,Abraham Bougen,51,44175-4807,033 Fisk Place,Rio de Janeiro,Homem,Python,Portuguese,Nenhum
666,Mikey Dubery,25,18936-5334,47 Hollow Ridge Junction,Fortaleza,Não binario,Swift,Arabic,Nenhum
667,Baxter Keats,54,55511-8231,44344 Toban Parkway,Fortaleza,Prefiro não responder,Swift,Portuguese,Visual
668,Carol Greatex,18,76533-1941,19456 Continental Alley,São Paulo,Não binario,Python,Chinese,Nenhum
669,Gilbertina Kezar,79,22894-5940,26 Bluestem Parkway,Rio de Janeiro,Prefiro não responder,HTML,English,Nenhum
670,Sergent Iacobini,76,46002-2199,8 Larry Circle,Brasília,Mulher,SQL,German,Auditiva
671,Arlina Kase,72,90403-8083,7 Homewood Point,Brasília,Prefiro não responder,Ruby,Portuguese,Fisico
672,Florance Drains,47,68248-5348,4 Autumn Leaf Park,Rio de Janeiro,Mulher,PHP,Portuguese,Nenhum
673,Celle Pinel,20,54565-6540,34 Blue Bill Park Road,Brasília,Prefiro não responder,HTML,Portuguese,Nenhum
674,Codie Blune,26,03435-6455,44853 Nelson Hill,Salvador,Prefiro não responder,SQL,German,Intelectual
675,Benedetto Sorrie,49,44455-3974,44857 Vernon Trail,São Paulo,Mulher,JavaScript,Portuguese,Visual
676,Rickey Beloe,37,24118-7606,96 Del Sol Trail,São Paulo,Mulher,Python,Arabic,Nenhum
677,Irvin Hosten,36,26074-8705,10 Bartelt Terrace,São Paulo,Mulher,Swift,Spanish,Fisico
678,Sissie McKmurrie,78,86444-3917,54 Valley Edge Place,Salvador,Prefiro não responder,Python,Portuguese,Nenhum
679,Rochella Chaudhry,54,68219-0009,0461 Hoepker Point,São Paulo,Não binario,C++,Portuguese,Intelectual
680,Angie Lavers,44,12367-8129,29 Del Sol Crossing,São Paulo,Prefiro não responder,SQL,Japanese,Intelectual
681,Jenny Hubble,73,34277-6543,32 Texas Way,São Paulo,Mulher,Java,Portuguese,Nenhum
682,Shelby Filipov,49,16108-4078,277 Northview Pass,Salvador,Mulher,SQL,Russian,Fisico
683,Field Hagley,48,33848-8707,0366 Cordelia Drive,Fortaleza,Prefiro não responder,Ruby,Chinese,Nenhum
684,Terese Shrieve,37,61264-2973,445 Pennsylvania Street,Salvador,Mulher,HTML,Portuguese,Auditiva
685,Isidro Gilley,73,04972-3846,6535 Golf View Point,Rio de Janeiro,Prefiro não responder,Swift,Chinese,Fisico
686,Puff Lawfull,29,84692-1982,299 Chinook Pass,Salvador,Homem,JavaScript,Portuguese,Nenhum
687,Devlin Wainer,64,11867-3781,6452 Maple Wood Center,São Paulo,Prefiro não responder,Java,Portuguese,Fisico
688,Wayne Digman,71,13863-7463,06720 Darwin Junction,Fortaleza,Homem,JavaScript,Portuguese,Nenhum
689,Tabbi Hazelby,53,43840-4813,7 Walton Crossing,São Paulo,Não binario,HTML,Chinese,Fisico
690,Jean MacHarg,41,42830-6668,7 Rigney Point,São Paulo,Mulher,Ruby,Portuguese,Fisico
691,Brandy Livick,57,59129-4753,87836 Sycamore Parkway,Salvador,Prefiro não responder,C++,German,Nenhum
692,Ede Ocheltree,74,14768-7906,0440 Straubel Center,Rio de Janeiro,Não binario,JavaScript,Chinese,Intelectual
693,Tanner Hawkswell,24,94054-6908,3 Huxley Lane,São Paulo,Mulher,HTML,Portuguese,Nenhum
694,Susanetta Sugge,23,05130-6846,2 Rieder Park,Salvador,Não binario,CSS,Portuguese,Nenhum
695,Avram Whittek,79,66250-7533,18405 Melody Plaza,Fortaleza,Mulher,Python,Portuguese,Intelectual
696,Bibi Salzburg,25,75914-5929,062 Petterle Crossing,São Paulo,Prefiro não responder,JavaScript,Portuguese,Nenhum
697,Shannon Holtaway,36,04641-5426,9923 Maryland Place,Salvador,Não binario,HTML,Italian,Visual
698,Mommy Lillegard,44,73942-5633,037 Petterle Hill,Brasília,Homem,HTML,Portuguese,Visual
699,Menard Pounsett,64,93491-8639,9189 Forster Trail,Fortaleza,Homem,CSS,Italian,Nenhum
700,Georgine Lightollers,19,78632-5183,838 Menomonie Parkway,Salvador,Prefiro não responder,HTML,Portuguese,Intelectual
701,Othello Hofton,37,12345-4775,9 Brentwood Plaza,Brasília,Prefiro não responder,CSS,Russian,Nenhum
702,Craggie Hammerton,42,12960-3315,46274 Pepper Wood Court,Brasília,Prefiro não responder,SQL,French,Auditiva
703,Katharina Broun,69,82718-7465,904 Talmadge Center,Brasília,Não binario,Java,Chinese,Nenhum
704,Chris Burtonshaw,28,11526-4753,6 Spohn Center,São Paulo,Prefiro não responder,SQL,Portuguese,Nenhum
705,Maisie Dunkerly,59,14494-8780,9539 Muir Parkway,Brasília,Mulher,Python,Portuguese,Visual
706,Brinn Dwelley,42,24410-4111,40124 Forster Court,São Paulo,Homem,Java,Spanish,Fisico
707,Patin Randlesome,39,08670-6724,65645 Sheridan Plaza,Salvador,Homem,Swift,Japanese,Fisico
708,Jackquelin Obell,46,94899-2577,6 American Ash Crossing,Brasília,Mulher,Ruby,Japanese,Intelectual
709,Reeva Isitt,56,21440-6995,061 Corscot Park,Brasília,Não binario,CSS,Portuguese,Nenhum
710,Trumaine Pengelley,41,07125-4723,8 Harbort Drive,Rio de Janeiro,Prefiro não responder,PHP,Portuguese,Nenhum
711,Lyon Kewley,69,82710-3823,62 Dovetail Alley,Salvador,Homem,CSS,Portuguese,Fisico
712,Rose Stickens,61,78175-8121,23800 Warner Way,São Paulo,Homem,Ruby,Arabic,Nenhum
713,Emanuele Kiley,57,44052-6374,860 Dottie Pass,Fortaleza,Homem,SQL,Portuguese,Fisico
714,Bambie Maggiori,47,21813-3578,73 Acker Terrace,Brasília,Prefiro não responder,SQL,French,Nenhum
715,Bridie Boniface,60,18736-2590,87 Lerdahl Road,Salvador,Homem,JavaScript,Portuguese,Nenhum
716,Lonna Alesio,61,97876-1800,9 Gina Place,Brasília,Prefiro não responder,Ruby,Chinese,Nenhum
717,Bunny Frossell,49,30870-9941,9097 Macpherson Lane,Rio de Janeiro,Não binario,C++,Japanese,Visual
718,Alison Riche,21,15750-0405,43 John Wall Park,Salvador,Não binario,Java,German,Nenhum
719,Natalee Mottley,66,06160-4059,74 Harper Pass,Fortaleza,Prefiro não responder,Java,Japanese,Nenhum
720,Hannah Scrafton,31,40560-9120,3 Duke Place,Brasília,Prefiro não responder,C++,English,Auditiva
721,Tawsha Larkcum,23,06672-6639,2 Jackson Terrace,Fortaleza,Não binario,SQL,Portuguese,Nenhum
722,Pierce Spehr,19,73392-4312,4 Lillian Plaza,Brasília,Homem,C++,Portuguese,Intelectual
723,Olivero Cavey,25,74961-8167,2 Logan Drive,Rio de Janeiro,Não binario,C++,Japanese,Fisico
724,Jany Abella,35,53831-1682,1 Warrior Circle,Brasília,Prefiro não responder,Ruby,English,Nenhum
725,Aloin Linwood,59,67207-2625,81403 Anniversary Point,Rio de Janeiro,Não binario,JavaScript,Portuguese,Auditiva
726,Robenia Vasser,55,89107-5193,213 Carpenter Drive,Rio de Janeiro,Homem,PHP,Portuguese,Auditiva
727,Dixie Durtnell,70,90947-4208,231 Dwight Plaza,Fortaleza,Prefiro não responder,Python,Portuguese,Nenhum
728,Chip Philps,46,79260-4115,97 Manley Court,Brasília,Não binario,C++,German,Nenhum
729,Laurel Reeves,66,33793-8766,00673 Dayton Lane,São Paulo,Homem,Ruby,Portuguese,Auditiva
730,Rozalie Shevlin,50,54813-2550,3737 Macpherson Terrace,Fortaleza,Não binario,PHP,Arabic,Nenhum
731,Nye Milsap,74,56715-1467,18186 Holmberg Place,Rio de Janeiro,Homem,PHP,English,Nenhum
732,Gregoor Bafford,30,38433-5274,022 Sunnyside Avenue,Brasília,Prefiro não responder,Java,Spanish,Nenhum
733,Dell Crinage,70,15830-3107,75 Lighthouse Bay Parkway,Fortaleza,Mulher,CSS,Portuguese,Visual
734,Luciano Dyne,19,66275-3361,1 Ilene Crossing,Rio de Janeiro,Não binario,Java,Portuguese,Nenhum
735,Karla Balharry,30,18642-9256,91844 Helena Junction,Rio de Janeiro,Prefiro não responder,PHP,English,Nenhum
736,Dewitt Tellesson,40,62114-4637,2108 Dixon Place,São Paulo,Homem,Swift,Portuguese,Nenhum
737,Herbert Kenson,44,36110-2745,53583 Springview Way,Rio de Janeiro,Prefiro não responder,PHP,Japanese,Visual
738,Aileen Ohlsen,24,90245-9516,903 Ludington Point,Salvador,Prefiro não responder,Java,Russian,Nenhum
739,Licha Gavaghan,72,85139-9222,943 Starling Avenue,São Paulo,Não binario,C++,French,Visual
740,Elset Antonsson,45,36521-8451,3 7th Center,Salvador,Prefiro não responder,CSS,Arabic,Visual
741,Else Finnigan,61,65002-3872,7889 Mcbride Plaza,Rio de Janeiro,Mulher,PHP,Portuguese,Nenhum
742,Philippe Dudgeon,69,76503-8840,2808 American Center,São Paulo,Mulher,JavaScript,Japanese,Nenhum
743,Alley Hundley,58,20594-1578,45 Hagan Hill,Salvador,Homem,JavaScript,Portuguese,Nenhum
744,Aland Brummell,69,61596-4296,93 Carioca Junction,Brasília,Homem,Java,Portuguese,Intelectual
745,Waylin Ingall,46,92316-4478,6162 Stuart Way,Brasília,Mulher,CSS,Chinese,Nenhum
746,Gottfried Le Marchand,73,73869-3865,49 Kennedy Hill,Rio de Janeiro,Homem,HTML,Portuguese,Visual
747,Mavis Baiden,62,84674-4942,5833 Morrow Parkway,Rio de Janeiro,Homem,PHP,English,Nenhum
748,Eal Castagneto,71,54930-9245,987 Summer Ridge Pass,Fortaleza,Mulher,SQL,French,Auditiva
749,Malorie Keenlyside,24,10868-6285,845 Esker Court,Rio de Janeiro,Mulher,Swift,Portuguese,Nenhum
750,Roberto Himpson,65,14088-5504,8481 Nobel Lane,Fortaleza,Prefiro não responder,Java,Portuguese,Auditiva
751,Celine Troppmann,24,51662-3054,066 Monica Avenue,Rio de Janeiro,Não binario,Python,Portuguese,Auditiva
752,Amory Gillice,53,47852-4842,1 Fairview Street,São Paulo,Mulher,Ruby,Portuguese,Auditiva
753,Mead Eim,72,57631-0470,201 Susan Point,Salvador,Não binario,Ruby,French,Nenhum
754,Artie Aguirre,69,66583-6900,5160 Burrows Lane,São Paulo,Mulher,Ruby,Portuguese,Visual
755,Sherwin Butteris,72,90375-1990,99362 Stone Corner Park,Fortaleza,Prefiro não responder,Python,Spanish,Auditiva
756,Leeann Ielden,40,26040-9202,392 Banding Drive,Rio de Janeiro,Não binario,PHP,Portuguese,Fisico
757,Ardella Harpin,41,40566-7075,4 Dunning Crossing,Brasília,Homem,Java,Japanese,Nenhum
758,Talyah Jasiak,39,50615-6996,6954 Annamark Place,Salvador,Mulher,CSS,Russian,Nenhum
759,Godard Faldo,19,64855-8598,8245 Ridgeway Drive,Fortaleza,Não binario,Swift,Portuguese,Nenhum
760,Dur Fawdry,47,74599-6827,778 Glacier Hill Pass,São Paulo,Mulher,PHP,Portuguese,Nenhum
761,Alla Dolle,23,67178-6287,19 Nobel Court,Brasília,Não binario,PHP,Portuguese,Fisico
762,Gerhard McConnachie,80,67801-7840,10 Eagan Parkway,São Paulo,Prefiro não responder,CSS,Portuguese,Auditiva
763,Cleve Reisenstein,47,48333-6224,4 Maywood Center,Brasília,Homem,PHP,Arabic,Auditiva
764,Timmy Danihelka,24,71009-4162,968 Lindbergh Circle,São Paulo,Prefiro não responder,HTML,Portuguese,Fisico
765,Rex Nickerson,46,62931-9240,7079 Fallview Junction,Salvador,Prefiro não responder,HTML,English,Nenhum
766,Gabbie Tingly,54,72087-5023,319 Garrison Parkway,Rio de Janeiro,Não binario,PHP,Italian,Nenhum
767,Elisha Heintze,22,14979-7896,3938 Fallview Pass,Brasília,Mulher,CSS,Spanish,Visual
768,Tarrance Mackie,40,78629-2578,5124 Annamark Crossing,São Paulo,Não binario,PHP,Portuguese,Auditiva
769,Griffy Pywell,29,44574-7914,95864 Monica Drive,Salvador,Prefiro não responder,C++,German,Nenhum
770,Alexandros Sein,71,30995-0685,9064 Texas Park,Fortaleza,Prefiro não responder,CSS,Portuguese,Nenhum
771,Basilio Goullee,43,94539-0535,63 Dorton Way,Rio de Janeiro,Não binario,C++,Portuguese,Nenhum
772,Conn Lashmore,72,82582-4422,04 Nobel Court,São Paulo,Não binario,Python,Portuguese,Intelectual
773,Neil Testo,42,78342-8745,191 Montana Parkway,Fortaleza,Não binario,Swift,Portuguese,Auditiva
774,Ulberto Tanner,37,68895-3973,17902 Novick Way,Rio de Janeiro,Mulher,PHP,Portuguese,Nenhum
775,Emelina Geering,39,04115-6370,46 Chive Court,São Paulo,Homem,PHP,Portuguese,Nenhum
776,Luis Malpas,60,44436-8059,258 Goodland Court,Salvador,Prefiro não responder,Swift,Spanish,Visual
777,Alyda Tadlow,19,16646-5133,0 Saint Paul Court,Fortaleza,Não binario,Python,English,Nenhum
778,Estelle Donovan,21,60805-1239,5982 Banding Place,São Paulo,Prefiro não responder,Java,Portuguese,Fisico
779,Selina Lowder,67,00039-3629,996 Vera Junction,Brasília,Não binario,Java,Japanese,Visual
780,Eugenio Kleynen,26,17516-7172,071 Forest Dale Parkway,São Paulo,Prefiro não responder,PHP,Portuguese,Nenhum
781,Reeva Matthiae,19,29992-6111,64162 Sunbrook Junction,Fortaleza,Não binario,JavaScript,Portuguese,Nenhum
782,Lyndsie Norvill,57,50487-5383,4 Old Shore Park,São Paulo,Prefiro não responder,SQL,Portuguese,Nenhum
783,Valida Abbado,33,20272-8570,61182 Hollow Ridge Plaza,São Paulo,Mulher,Ruby,Portuguese,Intelectual
784,Lorenzo Clethro,40,83356-8511,5827 Mosinee Hill,Brasília,Não binario,Java,French,Nenhum
785,Menard Rasher,73,01797-4732,2734 Schmedeman Crossing,Fortaleza,Homem,Python,French,Visual
786,Arlan Corden,22,56823-6380,3371 Talisman Street,Brasília,Homem,SQL,French,Nenhum
787,Danice Leith,47,69120-1402,2834 Summit Point,Rio de Janeiro,Homem,Python,Chinese,Nenhum
788,Caz Loughan,61,12627-2485,121 Spenser Center,Rio de Janeiro,Homem,Ruby,French,Nenhum
789,Berton Bullimore,33,95036-0947,3153 Paget Park,Brasília,Não binario,PHP,Portuguese,Nenhum
790,Aurel Probbin,80,65283-8140,35467 Darwin Center,Brasília,Não binario,C++,Portuguese,Fisico
791,Julianne Scrivinor,19,20162-9187,3 Sugar Junction,Fortaleza,Prefiro não responder,JavaScript,Portuguese,Nenhum
792,Durant Battany,48,14892-5420,2 Bultman Plaza,São Paulo,Prefiro não responder,SQL,Portuguese,Intelectual
793,Dud Hucklesby,38,07106-3970,23878 Ilene Way,Salvador,Mulher,C++,Portuguese,Fisico
794,Celine Rowly,40,30601-6756,1873 Warbler Way,São Paulo,Mulher,Swift,Italian,Fisico
795,Kurt Kasher,51,51044-4269,797 Lawn Terrace,Brasília,Prefiro não responder,HTML,English,Nenhum
796,Pet Oglesbee,38,46478-2176,389 Forster Street,Rio de Janeiro,Não binario,SQL,Japanese,Auditiva
797,Shannan Guittet,76,33415-3255,68 Nelson Terrace,Rio de Janeiro,Não binario,C++,Russian,Intelectual
798,Meriel Nield,36,07610-7134,61001 Warbler Pass,Rio de Janeiro,Mulher,Ruby,Japanese,Auditiva
799,Beatrice Tredger,56,95350-8028,68 Pepper Wood Hill,São Paulo,Mulher,HTML,Russian,Nenhum
800,Claus Henighan,35,59878-0493,812 Schmedeman Point,Rio de Janeiro,Não binario,PHP,Chinese,Nenhum
801,Arline Roelofsen,52,25798-2653,27 Hoard Drive,São Paulo,Mulher,HTML,Arabic,Auditiva
802,Tobi Speenden,54,16610-2712,72 Summit Crossing,Salvador,Não binario,C++,Spanish,Visual
803,Leopold Cron,35,52082-9169,1741 Starling Alley,São Paulo,Prefiro não responder,SQL,Arabic,Nenhum
804,Tandy Lefeuvre,32,47046-7458,4364 Thierer Hill,Salvador,Homem,CSS,English,Fisico
805,Melisenda Mewrcik,39,54886-4829,15 Monica Street,Brasília,Homem,Swift,Portuguese,Nenhum
806,Jacobo Roskilly,76,10925-6730,7162 Summerview Crossing,Fortaleza,Não binario,JavaScript,Chinese,Fisico
807,Rose Georgeson,32,25533-4818,9729 Lukken Avenue,Brasília,Mulher,Python,Portuguese,Nenhum
808,Jacynth Billings,50,76486-8997,5 Cambridge Way,Fortaleza,Mulher,Ruby,Russian,Nenhum
809,Toddy Egar,35,15967-6295,48451 Thackeray Terrace,Brasília,Prefiro não responder,Java,Portuguese,Nenhum
810,Alena Stallen,18,63845-0878,83426 Raven Park,Brasília,Não binario,C++,Portuguese,Visual
811,Alexandros Tivnan,26,81849-1991,11161 West Circle,Salvador,Mulher,PHP,Portuguese,Auditiva
812,Edyth Chadwyck,68,33945-9007,49706 North Plaza,Rio de Janeiro,Não binario,C++,English,Fisico
813,Alford Greiser,77,37678-7600,0 La Follette Place,Rio de Janeiro,Mulher,SQL,German,Nenhum
814,Brice Feenan,62,49729-7287,97171 Marcy Circle,Brasília,Prefiro não responder,Swift,German,Nenhum
815,Margarete Kovacs,73,82962-7986,46381 Fuller Center,Salvador,Não binario,PHP,Japanese,Nenhum
816,Stevie Stango,65,15525-4668,22 Golden Leaf Junction,Brasília,Mulher,Java,Russian,Visual
817,Paolo Jeffcock,34,52060-3397,082 Spenser Circle,São Paulo,Prefiro não responder,Ruby,Japanese,Nenhum
818,Blondell Skevington,20,99438-7995,6022 Texas Park,Brasília,Não binario,Swift,Russian,Auditiva
819,Caritta Fone,34,72194-1610,882 Kings Drive,Brasília,Homem,Java,Portuguese,Nenhum
820,Catlin Furminger,64,57896-7721,284 Grasskamp Street,Brasília,Não binario,Python,English,Auditiva
821,Conroy Daudray,42,75455-4568,6 Spaight Place,Rio de Janeiro,Prefiro não responder,PHP,French,Fisico
822,Gaylene Groarty,62,88211-1323,23256 Canary Place,Brasília,Prefiro não responder,C++,Portuguese,Nenhum
823,Louise Whewill,67,08688-9072,8081 Twin Pines Plaza,Rio de Janeiro,Homem,Python,Arabic,Nenhum
824,Lacy Ernshaw,60,67946-3662,532 Dwight Center,Brasília,Prefiro não responder,Swift,German,Nenhum
825,Vonni Voice,79,31108-3701,51387 Crescent Oaks Way,Brasília,Prefiro não responder,C++,German,Auditiva
826,Odie Livick,48,27749-0289,052 Burning Wood Trail,Fortaleza,Mulher,SQL,English,Auditiva
827,Spence Coffee,26,87354-2979,172 Summit Junction,Fortaleza,Não binario,C++,Arabic,Nenhum
828,Archy Glentworth,29,52671-3849,533 Upham Court,São Paulo,Mulher,JavaScript,Portuguese,Nenhum
829,Paddy Boram,38,31201-7443,56 Southridge Circle,São Paulo,Homem,JavaScript,Portuguese,Nenhum
830,Jojo Back,63,09762-5307,25 Maple Wood Hill,Salvador,Prefiro não responder,JavaScript,Spanish,Nenhum
831,Jordon Wapplington,48,97227-2514,3157 Rusk Alley,São Paulo,Homem,Swift,English,Fisico
832,Cyndi Vieyra,47,38136-8831,8448 Lawn Terrace,Brasília,Não binario,PHP,Portuguese,Nenhum
833,Ludovika Ivetts,61,48148-7491,54612 Loeprich Circle,Salvador,Homem,SQL,Arabic,Auditiva
834,Giustina Robshaw,33,99330-1287,7291 Granby Park,Brasília,Mulher,SQL,Portuguese,Nenhum
835,Emilia Dayce,32,73932-8155,4 New Castle Parkway,Brasília,Mulher,SQL,English,Fisico
836,Sherri Roots,68,47197-8312,08511 Morningstar Park,Brasília,Não binario,JavaScript,English,Nenhum
837,Esme Heintzsch,46,67548-2037,49393 Dayton Circle,Rio de Janeiro,Prefiro não responder,C++,Portuguese,Intelectual
838,Rosy Gascoigne,30,12445-1665,3899 Little Fleur Avenue,Rio de Janeiro,Homem,SQL,Spanish,Auditiva
839,Bernetta Klaesson,71,95526-1262,183 Dixon Road,Brasília,Homem,PHP,Arabic,Visual
840,Russ Hyndley,27,43269-7571,28 Mockingbird Avenue,Rio de Janeiro,Não binario,Python,German,Nenhum
841,Walther Triplett,55,24745-6134,0 Boyd Trail,São Paulo,Mulher,CSS,Russian,Intelectual
842,Tamma Pymer,55,17905-4429,75357 Hintze Place,Rio de Janeiro,Mulher,JavaScript,Portuguese,Auditiva
843,Irma Tadman,22,08402-6679,99285 Luster Lane,São Paulo,Mulher,CSS,Portuguese,Auditiva
844,Lucais Leaton,76,54269-2481,24392 Hoard Alley,São Paulo,Mulher,C++,Russian,Fisico
845,Cassy Shadwick,48,79727-8068,457 Haas Way,Fortaleza,Homem,C++,French,Visual
846,Drugi Pikhno,45,79542-3826,9 Judy Street,Salvador,Prefiro não responder,C++,Portuguese,Intelectual
847,Dolores Lettson,21,32924-9394,67724 Merrick Trail,Fortaleza,Não binario,C++,Arabic,Intelectual
848,Sibylle Basketfield,74,13413-5779,17 Dayton Trail,Rio de Janeiro,Mulher,Java,English,Nenhum
849,Brynna Connachan,58,98047-3110,0 Vernon Road,Brasília,Prefiro não responder,Swift,Arabic,Nenhum
850,Darya Carlow,59,58435-2067,91662 East Street,Brasília,Prefiro não responder,Ruby,Portuguese,Nenhum
851,Janey Sinton,62,36032-4860,9 Springview Circle,Rio de Janeiro,Não binario,Java,German,Visual
852,Rube Plues,52,23272-9783,144 Prairieview Center,Fortaleza,Prefiro não responder,Ruby,German,Fisico
853,Dione Bugdell,56,02740-2587,73 Petterle Court,Rio de Janeiro,Prefiro não responder,Swift,French,Intelectual
854,Tammy Aloshkin,42,90549-7291,75 Arkansas Court,Salvador,Mulher,Swift,Portuguese,Nenhum
855,Dru Rollitt,65,11953-4976,4 Westend Place,Fortaleza,Prefiro não responder,PHP,Portuguese,Intelectual
856,Miguela Liggons,40,70007-1278,4517 Steensland Hill,Fortaleza,Mulher,Python,Portuguese,Nenhum
857,Eleanore Venner,18,15873-3294,2 Paget Lane,Brasília,Homem,Ruby,Russian,Auditiva
858,Darb Sherrington,23,66627-8020,69949 Jana Court,Fortaleza,Não binario,SQL,English,Nenhum
859,Orbadiah Blesli,65,47277-0074,6 Farragut Park,Salvador,Não binario,JavaScript,Russian,Nenhum
860,Reinwald Roskeilly,27,87991-8581,9 Hanson Avenue,Salvador,Não binario,C++,Portuguese,Fisico
861,Robinson Bea,28,49164-4328,36767 Bowman Drive,Brasília,Não binario,PHP,Portuguese,Auditiva
862,Filip Paladino,25,60850-5500,6 Moulton Road,São Paulo,Não binario,C++,Arabic,Nenhum
863,Haleigh Braime,41,32488-8217,3635 Armistice Center,Brasília,Homem,Python,Portuguese,Visual
864,Roseline Goede,18,36756-4397,2219 Amoth Alley,Salvador,Prefiro não responder,PHP,Portuguese,Visual
865,Elizabeth Giacomoni,24,57559-6293,77 Sachs Junction,Salvador,Prefiro não responder,JavaScript,Russian,Nenhum
866,Luce Heijnen,61,04298-4321,25068 Dottie Parkway,Salvador,Mulher,Swift,Portuguese,Nenhum
867,Talya Edmonds,30,05849-0915,4430 5th Avenue,Rio de Janeiro,Mulher,CSS,Portuguese,Nenhum
868,Jocelyn Dymocke,50,61814-2980,8 Lakeland Place,Salvador,Prefiro não responder,SQL,Russian,Nenhum
869,Whitman Alpine,41,40617-9434,5100 Lillian Alley,São Paulo,Não binario,SQL,Japanese,Fisico
870,Miranda Loding,74,11605-6345,65 Bluejay Park,Brasília,Não binario,Python,Portuguese,Intelectual
871,Alie Jent,31,64136-9872,81 Killdeer Point,São Paulo,Mulher,Python,Portuguese,Intelectual
872,Darius Ostler,56,29173-8859,49129 Prairie Rose Park,Fortaleza,Homem,C++,Portuguese,Auditiva
873,Tootsie Garlette,52,59095-9728,4762 Mcguire Plaza,São Paulo,Não binario,Python,Spanish,Nenhum
874,Glen Westmorland,33,96558-6407,638 Autumn Leaf Road,São Paulo,Mulher,PHP,Japanese,Auditiva
875,Rey Guiness,73,43178-4335,89 Brown Pass,São Paulo,Homem,CSS,Russian,Nenhum
876,Fraser Fantonetti,56,14664-8562,1 Montana Road,Brasília,Homem,C++,Portuguese,Auditiva
877,Morena Ashbee,77,32036-8889,58773 Rowland Parkway,Fortaleza,Mulher,PHP,Portuguese,Nenhum
878,Eulalie Hammel,78,91867-7484,2 Linden Place,Rio de Janeiro,Homem,Python,Portuguese,Visual
879,Waldon Begent,57,23581-6143,620 Vermont Park,Salvador,Não binario,SQL,Portuguese,Nenhum
880,Giffie Frede,72,32122-7644,3 West Avenue,São Paulo,Prefiro não responder,HTML,Portuguese,Fisico
881,Darryl Tenant,31,60936-3365,72053 Dorton Point,Brasília,Não binario,JavaScript,Japanese,Fisico
882,Henry Leah,56,74221-6389,603 Westport Road,Salvador,Mulher,Python,Russian,Fisico
883,Kinna Di Batista,53,03983-6913,7480 Milwaukee Trail,Salvador,Mulher,SQL,Portuguese,Fisico
884,Wallie Boken,52,49182-5127,2483 Sommers Pass,Rio de Janeiro,Mulher,CSS,Portuguese,Nenhum
885,Tomi Finch,22,21352-6016,1481 Merry Trail,Fortaleza,Mulher,Java,Spanish,Auditiva
886,Moreen Barnaby,38,56154-9556,02309 Graedel Terrace,São Paulo,Prefiro não responder,HTML,Japanese,Intelectual
887,Hagen Audritt,34,87100-1527,4034 Derek Pass,Brasília,Homem,Ruby,Portuguese,Nenhum
888,Derek Hansman,30,77279-6846,5 Pankratz Plaza,Brasília,Mulher,C++,Portuguese,Nenhum
889,Crissy Pashby,23,82500-8488,74 Del Mar Lane,São Paulo,Mulher,Swift,Japanese,Visual
890,Eugenie Reynold,76,38159-1131,24 John Wall Center,Rio de Janeiro,Prefiro não responder,Swift,Portuguese,Nenhum
891,Ellsworth Whoolehan,18,26193-3084,95560 Warrior Way,Rio de Janeiro,Homem,CSS,English,Auditiva
892,Tobit McNamara,58,91001-2798,181 Badeau Lane,Fortaleza,Prefiro não responder,C++,Portuguese,Auditiva
893,Rolland O'Sculley,32,78982-4280,2284 Anniversary Junction,Rio de Janeiro,Mulher,Java,Portuguese,Nenhum
894,Randi Stillgoe,78,89000-4446,744 Vahlen Plaza,São Paulo,Homem,CSS,Portuguese,Intelectual
895,Demetra Hurche,18,10464-8695,927 Bellgrove Court,Brasília,Não binario,Java,Portuguese,Nenhum
896,Roxine Fairlie,72,97682-3072,8 Drewry Parkway,Fortaleza,Mulher,C++,Chinese,Nenhum
897,Malynda Tather,35,28740-1685,663 Sundown Park,Rio de Janeiro,Homem,Ruby,French,Intelectual
898,Adi Crate,56,82054-0603,9316 Welch Place,São Paulo,Mulher,PHP,Portuguese,Nenhum
899,Humphrey Inchbald,61,88063-5552,43 Vidon Terrace,Rio de Janeiro,Prefiro não responder,Ruby,Portuguese,Intelectual
900,Sela Deverall,54,42696-5892,133 Bowman Park,Fortaleza,Homem,CSS,Portuguese,Nenhum
901,Conn Minall,45,03279-8964,1459 East Lane,Rio de Janeiro,Homem,Ruby,Portuguese,Nenhum
902,Nonna Blackbrough,71,08592-6461,1561 American Ash Hill,São Paulo,Mulher,Ruby,Portuguese,Intelectual
903,Ginni Haste,63,95171-3251,1 Muir Trail,Salvador,Mulher,Ruby,Portuguese,Auditiva
904,Frans Chasemoore,25,58203-4091,2311 Messerschmidt Way,São Paulo,Não binario,PHP,Portuguese,Nenhum
905,Edeline Tootell,71,39711-4779,1 Carioca Park,Salvador,Prefiro não responder,CSS,Russian,Nenhum
906,Gherardo Blackaller,33,51644-2456,9653 Heath Lane,Fortaleza,Mulher,C++,Portuguese,Visual
907,Amery Krug,39,18091-7922,25 Oneill Avenue,Fortaleza,Mulher,Java,Portuguese,Visual
908,Levy Lyman,76,54377-4491,55280 Gale Road,Brasília,Não binario,JavaScript,Portuguese,Auditiva
909,Lewiss Earpe,76,26161-5628,7 Grasskamp Court,Salvador,Prefiro não responder,CSS,Portuguese,Fisico
910,Daryn L'Episcopio,63,17870-1925,639 Magdeline Place,Fortaleza,Prefiro não responder,SQL,Portuguese,Intelectual
911,Wilden Bartaloni,59,53083-8060,30530 Stephen Alley,Rio de Janeiro,Mulher,HTML,Arabic,Visual
912,Clareta Iannuzzelli,30,93954-6535,6 Muir Center,Salvador,Prefiro não responder,C++,Portuguese,Nenhum
913,Justina Kilfedder,79,06752-9609,54 Miller Junction,Fortaleza,Prefiro não responder,JavaScript,Portuguese,Nenhum
914,Britt Dummer,52,60072-8884,19740 John Wall Pass,Salvador,Mulher,JavaScript,Russian,Nenhum
915,Livvyy Shenfisch,20,95500-0344,3069 Atwood Park,São Paulo,Homem,C++,Portuguese,Auditiva
916,Bron McGavigan,74,01899-8984,73195 Arkansas Court,São Paulo,Não binario,JavaScript,Arabic,Nenhum
917,Annabel Mercer,21,48810-0103,22 Rowland Alley,Brasília,Prefiro não responder,JavaScript,Spanish,Auditiva
918,Tamas Cockitt,48,72792-5348,47030 Prairie Rose Place,Brasília,Homem,CSS,Portuguese,Visual
919,Saraann Mularkey,35,57802-0455,4 North Terrace,Fortaleza,Não binario,Java,Spanish,Nenhum
920,Elisabet Klouz,33,67101-5828,2540 Bashford Street,Rio de Janeiro,Mulher,HTML,Chinese,Fisico
921,Tobias Bather,33,80336-6102,748 Annamark Street,Salvador,Homem,CSS,Portuguese,Nenhum
922,Dominick Yankishin,39,98313-0410,88 Bluejay Crossing,Rio de Janeiro,Não binario,HTML,Spanish,Auditiva
923,Caroline Doorly,57,45454-9607,58 Eagan Pass,Fortaleza,Mulher,Python,Portuguese,Visual
924,Carolee Standring,70,85561-3912,611 Linden Alley,Salvador,Homem,Python,Arabic,Nenhum
925,Hersh Fairhead,35,29540-7280,785 Redwing Drive,Salvador,Mulher,HTML,Portuguese,Nenhum
926,Nigel Kachel,76,40022-8097,91 Maywood Point,Fortaleza,Prefiro não responder,JavaScript,Portuguese,Nenhum
927,Euphemia Sallings,41,06145-6414,6002 Raven Center,Salvador,Não binario,Java,Portuguese,Nenhum
928,Stefa Millions,44,51263-8549,4839 Mitchell Park,Salvador,Prefiro não responder,CSS,Japanese,Auditiva
929,Raquela Saffer,60,93376-1875,44 Bultman Alley,Fortaleza,Prefiro não responder,Java,Arabic,Auditiva
930,Ilyse Braithwaite,26,72304-0693,09747 Milwaukee Way,São Paulo,Mulher,Java,Portuguese,Nenhum
931,Linnie Bourgour,64,04976-6670,9 American Ash Crossing,Brasília,Prefiro não responder,CSS,English,Fisico
932,Dorelia Steven,20,12904-4156,4912 Hazelcrest Avenue,Fortaleza,Prefiro não responder,SQL,English,Nenhum
933,Diann Ascough,28,47083-4317,5 Parkside Street,Rio de Janeiro,Homem,SQL,Portuguese,Nenhum
934,Gregor Backman,34,97750-9536,1140 Drewry Crossing,Brasília,Prefiro não responder,SQL,Portuguese,Nenhum
935,Stanley Tathacott,62,02921-8627,6 Rieder Lane,Salvador,Não binario,SQL,Portuguese,Nenhum
936,Goddart MacMaykin,79,19684-4129,5890 Jenifer Terrace,Salvador,Não binario,Python,Spanish,Fisico
937,Cara Tomsa,58,13100-4930,74695 Dapin Court,Brasília,Homem,JavaScript,German,Nenhum
938,Joyous Stollberg,73,99376-3671,886 Armistice Place,Brasília,Mulher,C++,Russian,Nenhum
939,Rebecca Hawkswell,52,19430-4011,1 Merry Hill,Salvador,Prefiro não responder,Java,Japanese,Auditiva
940,Farlee Robers,26,58982-9319,2 Service Road,Salvador,Prefiro não responder,HTML,Spanish,Auditiva
941,Min Cleft,31,44072-0678,266 Dottie Lane,São Paulo,Prefiro não responder,JavaScript,Russian,Nenhum
942,Raynard Garrad,67,20605-9519,3724 Thierer Place,São Paulo,Mulher,PHP,Russian,Nenhum
943,Carin Messent,34,31706-7069,8286 Annamark Point,Fortaleza,Não binario,SQL,Portuguese,Nenhum
944,Anjanette O'Carroll,30,88579-4021,13038 Hoffman Crossing,São Paulo,Homem,JavaScript,Arabic,Nenhum
945,Myra Fleote,73,61075-3261,0 Hanson Place,Brasília,Homem,HTML,Arabic,Auditiva
946,Joachim Dearing,54,51961-5948,2498 Roxbury Road,Fortaleza,Homem,Swift,Portuguese,Nenhum
947,Francesco Pauling,37,40776-8445,8225 Hanson Way,Brasília,Mulher,C++,Arabic,Intelectual
948,Bordy Menico,76,88771-7537,32 Roth Crossing,Salvador,Não binario,SQL,Portuguese,Auditiva
949,Darbie Rann,40,16241-2420,29795 School Circle,Rio de Janeiro,Não binario,C++,Portuguese,Auditiva
950,Aloisia Heine,24,07420-4343,3540 Crownhardt Court,Rio de Janeiro,Mulher,HTML,Portuguese,Nenhum
951,Winnah Ashlin,21,68739-3478,488 Marcy Alley,Salvador,Mulher,PHP,German,Intelectual
952,Leslie Sollitt,68,77541-6540,12310 Homewood Crossing,Salvador,Homem,Python,Russian,Visual
953,Anet Braden,31,40960-6134,0 Corscot Trail,Salvador,Não binario,HTML,Portuguese,Intelectual
954,Kristel Polly,32,32077-3213,5829 Mccormick Crossing,São Paulo,Homem,Python,Portuguese,Nenhum
955,Dionysus Gillum,40,81673-9074,93 Corben Pass,Rio de Janeiro,Não binario,SQL,Italian,Intelectual
956,Nadiya Sollitt,71,47771-3729,1 Hayes Place,Fortaleza,Mulher,Python,Portuguese,Visual
957,Sherwin Ilchenko,24,54512-1704,5 Troy Place,Rio de Janeiro,Prefiro não responder,Java,Italian,Fisico
958,Man Orrell,63,12122-6493,221 Ridgeview Court,Fortaleza,Homem,Swift,Portuguese,Nenhum
959,Giana Rosenstengel,69,01509-5672,31435 Caliangt Drive,Rio de Janeiro,Homem,PHP,Portuguese,Auditiva
960,Hobard Kilbourne,69,22407-4580,2 Carey Parkway,São Paulo,Não binario,PHP,Portuguese,Nenhum
961,Ermin Yarnley,62,95281-0758,938 Meadow Vale Road,São Paulo,Mulher,JavaScript,Chinese,Nenhum
962,Antony Bainton,20,93172-4943,3698 Ruskin Plaza,São Paulo,Prefiro não responder,C++,Portuguese,Nenhum
963,Benita Caughte,60,76037-8445,127 Merchant Hill,Rio de Janeiro,Prefiro não responder,PHP,English,Auditiva
964,Stormy Belvin,51,01062-9568,536 Tennyson Street,Rio de Janeiro,Não binario,C++,Russian,Visual
965,Paco Tran,60,38648-1228,8 Garrison Crossing,São Paulo,Mulher,Python,Chinese,Nenhum
966,Shelden MacNeilly,75,75605-5019,56 Heffernan Place,São Paulo,Não binario,Python,Japanese,Visual
967,Lane Measor,80,17489-2932,154 Jay Parkway,Rio de Janeiro,Homem,Swift,Portuguese,Nenhum
968,Tersina Hammel,43,90526-8066,0 Cordelia Way,Fortaleza,Não binario,C++,German,Nenhum
969,Maurita Hatch,44,68016-7079,4361 Glacier Hill Place,Brasília,Homem,HTML,Portuguese,Visual
970,Cathyleen Bevington,70,16888-8638,9445 Welch Trail,Brasília,Não binario,CSS,English,Intelectual
971,Dame Millthorpe,25,97107-1561,90335 Petterle Plaza,São Paulo,Mulher,JavaScript,Portuguese,Auditiva
972,Luca Bristoe,26,73830-8494,7 Melrose Pass,São Paulo,Mulher,SQL,Portuguese,Nenhum
973,Camile Father,38,73598-1640,41062 Straubel Lane,Brasília,Mulher,C++,Portuguese,Nenhum
974,Baxter Remmers,47,34381-1546,7312 Shopko Drive,Fortaleza,Prefiro não responder,CSS,Russian,Visual
975,Ninette Ciciari,80,28520-7113,3 Evergreen Way,Fortaleza,Não binario,PHP,Portuguese,Nenhum
976,Keelia Itzig,66,78629-0952,8225 Pearson Avenue,Brasília,Prefiro não responder,PHP,Portuguese,Intelectual
977,Darlene Biset,69,82300-1803,832 Mcguire Plaza,Brasília,Mulher,C++,Chinese,Intelectual
978,Sibyl Tittershill,28,35665-0558,35140 Monument Hill,Rio de Janeiro,Não binario,HTML,Portuguese,Fisico
979,Kippy Byles,18,62842-8786,17 Lawn Lane,Fortaleza,Homem,Ruby,Japanese,Fisico
980,Maurie Andover,33,48992-1893,41517 Walton Pass,São Paulo,Homem,PHP,Arabic,Fisico
981,Melva Kinnach,35,29566-8930,967 Hansons Trail,Brasília,Homem,Java,Italian,Intelectual
982,Caty McCray,24,16584-2110,1 Anzinger Road,Salvador,Homem,Swift,English,Visual
983,Egor Castiglioni,68,04255-5520,2292 Bluestem Pass,São Paulo,Homem,JavaScript,Portuguese,Nenhum
984,Pammie Fellon,44,46549-0437,34592 Carioca Pass,Rio de Janeiro,Homem,Java,Arabic,Fisico
985,Frannie Dowsing,37,34386-0128,00 Aberg Drive,Fortaleza,Mulher,Ruby,French,Nenhum
986,Ianthe Philippart,35,85830-8805,6 Sachs Avenue,São Paulo,Mulher,Ruby,Chinese,Nenhum
987,Cyndie Ogborne,38,74474-6580,82552 Anhalt Street,Brasília,Prefiro não responder,Swift,German,Nenhum
988,Thibaut Kuller,21,57232-3627,493 Melrose Park,São Paulo,Homem,Ruby,Portuguese,Nenhum
989,Niall Goble,44,61270-5947,71 Fisk Circle,Fortaleza,Não binario,Java,Spanish,Nenhum
990,Thornton Frangione,36,92995-8174,6269 Green Ridge Terrace,Salvador,Homem,SQL,Portuguese,Fisico
991,Hubie Petworth,45,04931-5920,0 Memorial Place,Salvador,Mulher,Swift,Russian,Nenhum
992,Elizabeth Molson,60,45300-0042,725 Pankratz Trail,São Paulo,Homem,PHP,Portuguese,Nenhum
993,Perry Annion,77,12802-0512,52 Center Street,Salvador,Mulher,PHP,German,Auditiva
994,Culley Waight,70,52869-7930,1 Harbort Court,Rio de Janeiro,Mulher,Python,Arabic,Nenhum
995,Betta McNutt,65,06365-1667,509 Merchant Trail,Salvador,Homem,C++,French,Auditiva
996,Violante Castellani,47,32975-6729,4 Troy Point,São Paulo,Não binario,SQL,Arabic,Intelectual
997,Avril Rentilll,53,38227-5749,85028 Hanson Place,Rio de Janeiro,Prefiro não responder,CSS,Portuguese,Visual
998,Orton Carss,47,19261-6736,50475 Morrow Park,Rio de Janeiro,Prefiro não responder,Ruby,Russian,Intelectual
999,Rockie Mottram,66,12371-6676,66 Bunker Hill Court,Fortaleza,Homem,HTML,German,Auditiva
1000,Cullie O'Sesnane,57,45817-9507,1 Cherokee Pass,Rio de Janeiro,Homem,Ruby,German,Nenhum
