id,idade,cargo,nomeEmpresa,descricao,competencia,deficiencia,etnia,genero,local,salario
1,33,Web Developer II,Devify,As a company,Network Administrator,fisico,Hispanic,non-binary,Rio de Janeiro,9987.07
2,17,Occupational Therapist,Divavu,As a company,IT Consultant,mental,Asian,non-binary,Brasília,2291.96
3,54,VP Sales,Meedoo,we prioritize customer satisfaction and strive for excellence in everything we do.,Web Developer,mental,Hispanic,male,Brasília,6964.78
4,0,Account Executive,Talane,We are a leading company in the industry.,Data Analyst,mental,Hispanic,male,Salvador,7530.04
5,9,Staff Accountant IV,Ooba,we have established ourselves as a trusted name in the market.,Web Developer,mental,Asian,non-binary,Fortaleza,8314.96
6,52,Assistant Manager,Myworks,With years of experience,Network Administrator,audicao,African American,non-binary,Salvador,7713.37
7,4,Software Engineer I,Dabshots,Our company specializes in providing innovative solutions.,Software Engineer,audicao,Caucasian,non-binary,Fortaleza,4346.77
8,5,Recruiter,Dabshots,With years of experience,Software Engineer,audicao,Caucasian,female,Rio de Janeiro,4273.04
9,34,Account Executive,Kwinu,we have established ourselves as a trusted name in the market.,IT Consultant,audicao,Caucasian,female,Salvador,3677.11
10,52,VP Product Management,Wikido,With years of experience,Data Analyst,mental,Native American,female,São Paulo,3156.64
11,44,Senior Financial Analyst,Gabtune,We are a leading company in the industry.,Data Analyst,visual,Hispanic,male,Rio de Janeiro,2139.19
12,34,Geological Engineer,Yotz,We are a leading company in the industry.,IT Consultant,mental,Asian,male,São Paulo,6926.63
13,3,Assistant Media Planner,Thoughtworks,With years of experience,Software Engineer,audicao,Hispanic,male,Salvador,9641.58
14,53,Product Engineer,Riffpedia,Our company specializes in providing innovative solutions.,Software Engineer,mental,African American,non-binary,Rio de Janeiro,2571.17
15,2,Nurse Practicioner,Jazzy,As a company,Software Engineer,mental,Caucasian,non-binary,Fortaleza,4271.32
16,42,Statistician III,Livepath,we prioritize customer satisfaction and strive for excellence in everything we do.,Software Engineer,mental,African American,male,Salvador,4438.1
17,4,Assistant Professor,Yombu,Our company specializes in providing innovative solutions.,Network Administrator,audicao,Asian,female,Rio de Janeiro,9699.74
18,18,Associate Professor,Latz,As a company,Data Analyst,mental,Asian,non-binary,Salvador,5137.82
19,10,Human Resources Manager,Kayveo,we have established ourselves as a trusted name in the market.,Data Analyst,visual,Hispanic,male,Fortaleza,8880.79
20,37,Speech Pathologist,Photobug,we prioritize customer satisfaction and strive for excellence in everything we do.,Software Engineer,visual,African American,male,São Paulo,2493.1
21,58,Database Administrator I,Aimbo,With years of experience,Software Engineer,mental,Asian,non-binary,São Paulo,3943.87
22,58,Research Associate,Meevee,we have established ourselves as a trusted name in the market.,Web Developer,mental,Asian,non-binary,São Paulo,5306.93
23,17,Desktop Support Technician,Vinder,we prioritize customer satisfaction and strive for excellence in everything we do.,Web Developer,fisico,African American,female,Brasília,8106.93
24,18,Environmental Tech,Muxo,With years of experience,IT Consultant,fisico,Caucasian,male,São Paulo,3039.39
25,26,Financial Analyst,Brainverse,With years of experience,Software Engineer,mental,African American,non-binary,Rio de Janeiro,2161.25
26,18,Programmer Analyst IV,Quaxo,we have established ourselves as a trusted name in the market.,Web Developer,fisico,African American,non-binary,Fortaleza,3588.39
27,15,Technical Writer,Yodel,We are a leading company in the industry.,Software Engineer,mental,Native American,non-binary,Fortaleza,7402.52
28,47,Environmental Specialist,DabZ,we have established ourselves as a trusted name in the market.,Network Administrator,fisico,African American,non-binary,Brasília,9028.62
29,38,Software Consultant,Zoonder,Our company specializes in providing innovative solutions.,Data Analyst,mental,Hispanic,non-binary,Rio de Janeiro,6208.4
30,59,Food Chemist,Einti,We are a leading company in the industry.,Software Engineer,fisico,Hispanic,female,São Paulo,2630.0
31,28,Account Coordinator,Meevee,We pride ourselves on delivering exceptional products and services to our clients.,IT Consultant,audicao,African American,female,Rio de Janeiro,6128.45
32,24,Operator,Youspan,We pride ourselves on delivering exceptional products and services to our clients.,IT Consultant,mental,Caucasian,non-binary,São Paulo,9154.74
33,27,VP Product Management,Realmix,With years of experience,Data Analyst,fisico,Native American,female,Fortaleza,2620.74
34,52,Actuary,Divanoodle,we have established ourselves as a trusted name in the market.,Data Analyst,mental,Native American,non-binary,Rio de Janeiro,5252.81
35,39,Chemical Engineer,Feedfish,We pride ourselves on delivering exceptional products and services to our clients.,Web Developer,audicao,Hispanic,male,Fortaleza,6430.89
36,37,Staff Scientist,Eidel,we prioritize customer satisfaction and strive for excellence in everything we do.,Network Administrator,audicao,African American,non-binary,Salvador,7976.2
37,35,Teacher,Janyx,With years of experience,Web Developer,mental,Caucasian,male,São Paulo,7017.26
38,27,Geological Engineer,Skipstorm,We pride ourselves on delivering exceptional products and services to our clients.,Data Analyst,visual,Hispanic,female,Salvador,2236.4
39,16,Accounting Assistant III,Dynava,We pride ourselves on delivering exceptional products and services to our clients.,Web Developer,mental,Asian,female,São Paulo,3244.84
40,50,VP Accounting,Flipstorm,Our company specializes in providing innovative solutions.,Software Engineer,audicao,African American,female,Rio de Janeiro,5452.33
41,14,Food Chemist,Linkbridge,we prioritize customer satisfaction and strive for excellence in everything we do.,Data Analyst,visual,Asian,female,Salvador,6001.1
42,15,VP Product Management,Fivespan,With years of experience,Network Administrator,fisico,Native American,female,Fortaleza,6651.12
43,44,Technical Writer,Dabvine,As a company,Network Administrator,visual,Native American,non-binary,Rio de Janeiro,3297.47
44,29,Senior Financial Analyst,Twitternation,we prioritize customer satisfaction and strive for excellence in everything we do.,Network Administrator,audicao,Asian,non-binary,Salvador,8630.99
45,45,Registered Nurse,Ntags,We are a leading company in the industry.,Web Developer,mental,Asian,non-binary,Brasília,5426.61
46,35,Engineer III,Devpoint,As a company,Web Developer,mental,Asian,male,Salvador,3574.9
47,34,Legal Assistant,Yambee,Our company specializes in providing innovative solutions.,IT Consultant,mental,Asian,male,Fortaleza,2658.7
48,38,Data Coordinator,Thoughtmix,As a company,Network Administrator,visual,Asian,female,Rio de Janeiro,9696.84
49,60,Social Worker,Chatterbridge,We are a leading company in the industry.,Software Engineer,audicao,Native American,male,Rio de Janeiro,8733.74
50,44,Graphic Designer,Wordware,we have established ourselves as a trusted name in the market.,Data Analyst,audicao,Native American,male,Rio de Janeiro,9551.08
51,35,Assistant Media Planner,Katz,As a company,Software Engineer,audicao,Caucasian,male,Salvador,5850.07
52,7,Civil Engineer,Mymm,we have established ourselves as a trusted name in the market.,IT Consultant,visual,Hispanic,non-binary,Salvador,5637.77
53,15,Account Representative III,Mudo,we prioritize customer satisfaction and strive for excellence in everything we do.,Data Analyst,mental,Caucasian,non-binary,Rio de Janeiro,3549.68
54,59,Sales Representative,Jabbersphere,As a company,Web Developer,fisico,Hispanic,female,Brasília,1570.21
55,20,Community Outreach Specialist,Yakijo,We are a leading company in the industry.,Software Engineer,mental,Asian,male,São Paulo,6905.66
56,7,Geologist III,Eabox,As a company,Software Engineer,visual,African American,male,São Paulo,6109.75
57,38,Senior Sales Associate,Trupe,we have established ourselves as a trusted name in the market.,Software Engineer,mental,Native American,non-binary,Brasília,6456.67
58,36,Geologist III,Rhyzio,As a company,Data Analyst,audicao,Asian,male,Brasília,6761.24
59,51,Assistant Professor,Rhyloo,We pride ourselves on delivering exceptional products and services to our clients.,Network Administrator,visual,African American,non-binary,Rio de Janeiro,8204.74
60,41,Research Nurse,Npath,With years of experience,Software Engineer,audicao,Native American,non-binary,Salvador,9460.65
61,26,Research Assistant II,Tambee,We pride ourselves on delivering exceptional products and services to our clients.,Network Administrator,mental,Hispanic,non-binary,São Paulo,3150.77
62,29,Database Administrator II,Browsecat,We are a leading company in the industry.,Network Administrator,fisico,Caucasian,male,Salvador,6955.58
63,14,Community Outreach Specialist,Yozio,With years of experience,Software Engineer,fisico,Asian,female,Salvador,4446.81
64,33,Product Engineer,Dabfeed,With years of experience,IT Consultant,audicao,Caucasian,female,Brasília,6209.48
65,46,Sales Representative,Eayo,we have established ourselves as a trusted name in the market.,Network Administrator,mental,Hispanic,non-binary,Salvador,1912.09
66,13,Human Resources Manager,Trupe,we have established ourselves as a trusted name in the market.,Network Administrator,fisico,Caucasian,male,Brasília,1601.78
67,0,Desktop Support Technician,Voonix,We pride ourselves on delivering exceptional products and services to our clients.,Network Administrator,visual,Native American,male,São Paulo,2531.35
68,45,Research Assistant II,Ainyx,Our company specializes in providing innovative solutions.,IT Consultant,audicao,Caucasian,female,Salvador,5643.9
69,0,Desktop Support Technician,Plajo,With years of experience,Data Analyst,fisico,African American,male,São Paulo,8363.77
70,47,Health Coach IV,Roodel,we have established ourselves as a trusted name in the market.,Software Engineer,mental,African American,non-binary,Rio de Janeiro,6536.87
71,7,Research Associate,Gabtype,We are a leading company in the industry.,IT Consultant,mental,African American,female,Fortaleza,8943.76
72,54,Senior Developer,Yadel,we have established ourselves as a trusted name in the market.,IT Consultant,fisico,Asian,non-binary,Salvador,2485.08
73,50,Business Systems Development Analyst,Roomm,We pride ourselves on delivering exceptional products and services to our clients.,Software Engineer,audicao,Asian,non-binary,Salvador,8330.21
74,60,Senior Financial Analyst,Meejo,we have established ourselves as a trusted name in the market.,Data Analyst,visual,Asian,female,Fortaleza,6758.74
75,39,Media Manager I,Flashspan,We are a leading company in the industry.,Web Developer,fisico,Native American,non-binary,Rio de Janeiro,4087.48
76,60,Project Manager,Thoughtworks,Our company specializes in providing innovative solutions.,IT Consultant,audicao,Native American,male,Salvador,9137.81
77,23,Account Coordinator,Edgeclub,Our company specializes in providing innovative solutions.,Data Analyst,visual,Hispanic,male,Rio de Janeiro,3067.83
78,3,GIS Technical Architect,Izio,With years of experience,IT Consultant,mental,Asian,female,São Paulo,1741.25
79,36,Sales Representative,Skyba,As a company,Web Developer,audicao,Asian,non-binary,São Paulo,6666.38
80,11,Research Nurse,Cogilith,we have established ourselves as a trusted name in the market.,IT Consultant,mental,Native American,non-binary,Rio de Janeiro,6982.36
81,48,Dental Hygienist,Dabtype,We pride ourselves on delivering exceptional products and services to our clients.,Network Administrator,mental,African American,male,Brasília,8080.45
82,4,Chemical Engineer,Skajo,With years of experience,Software Engineer,mental,Hispanic,non-binary,Fortaleza,4126.48
83,34,Food Chemist,Twitterwire,Our company specializes in providing innovative solutions.,Data Analyst,visual,Asian,male,São Paulo,5579.53
84,0,Statistician IV,Babblestorm,we prioritize customer satisfaction and strive for excellence in everything we do.,IT Consultant,visual,Hispanic,male,Fortaleza,7628.57
85,26,Statistician II,Twimbo,we have established ourselves as a trusted name in the market.,IT Consultant,fisico,Caucasian,female,São Paulo,3943.54
86,27,Developer I,Chatterbridge,With years of experience,Data Analyst,audicao,African American,non-binary,Salvador,1910.74
87,48,Programmer I,Snaptags,We are a leading company in the industry.,Network Administrator,fisico,Asian,male,Rio de Janeiro,5484.81
88,36,Environmental Specialist,Trupe,We are a leading company in the industry.,Data Analyst,audicao,Asian,male,São Paulo,8488.78
89,53,Accounting Assistant III,Jaloo,Our company specializes in providing innovative solutions.,Data Analyst,mental,Hispanic,non-binary,São Paulo,3979.99
90,14,Nurse,Twinte,With years of experience,Network Administrator,audicao,Native American,male,Brasília,5730.61
91,34,Biostatistician III,Brainsphere,We are a leading company in the industry.,Software Engineer,audicao,Native American,female,Brasília,7612.35
92,26,Engineer III,Jabbersphere,We pride ourselves on delivering exceptional products and services to our clients.,Software Engineer,fisico,Caucasian,female,Salvador,6536.77
93,46,VP Sales,Meembee,We pride ourselves on delivering exceptional products and services to our clients.,Web Developer,fisico,Caucasian,female,Brasília,7548.43
94,44,Help Desk Technician,Yambee,We pride ourselves on delivering exceptional products and services to our clients.,Data Analyst,fisico,Hispanic,male,Salvador,5003.95
95,1,Staff Scientist,Centizu,we have established ourselves as a trusted name in the market.,Software Engineer,visual,Caucasian,male,Salvador,2124.49
96,35,Recruiter,Gabtune,we prioritize customer satisfaction and strive for excellence in everything we do.,IT Consultant,audicao,African American,female,Fortaleza,4568.79
97,39,Professor,Gigabox,With years of experience,Web Developer,visual,Native American,male,Rio de Janeiro,9858.95
98,28,Structural Analysis Engineer,Dynabox,We pride ourselves on delivering exceptional products and services to our clients.,Network Administrator,audicao,African American,female,Rio de Janeiro,9598.67
99,4,Marketing Manager,LiveZ,we have established ourselves as a trusted name in the market.,Web Developer,visual,Native American,non-binary,Fortaleza,8819.97
100,39,Junior Executive,Voonder,we have established ourselves as a trusted name in the market.,Software Engineer,mental,Asian,male,Salvador,6746.59
101,30,Clinical Specialist,Jaxbean,we prioritize customer satisfaction and strive for excellence in everything we do.,Network Administrator,fisico,Native American,male,Rio de Janeiro,2801.37
102,26,Compensation Analyst,Yamia,we prioritize customer satisfaction and strive for excellence in everything we do.,Software Engineer,visual,Caucasian,female,Rio de Janeiro,8307.12
103,10,Actuary,Skippad,Our company specializes in providing innovative solutions.,Software Engineer,audicao,Hispanic,female,Fortaleza,6541.86
104,52,Information Systems Manager,Katz,As a company,IT Consultant,mental,Hispanic,male,São Paulo,1973.52
105,8,Speech Pathologist,Quinu,As a company,IT Consultant,visual,Hispanic,non-binary,Brasília,8794.48
106,35,Editor,Katz,With years of experience,IT Consultant,visual,Hispanic,non-binary,Rio de Janeiro,4700.79
107,37,Account Representative IV,Realbridge,We pride ourselves on delivering exceptional products and services to our clients.,IT Consultant,fisico,Asian,non-binary,Salvador,1610.12
108,25,Environmental Tech,Feedbug,Our company specializes in providing innovative solutions.,Web Developer,audicao,Native American,male,Brasília,9639.28
109,39,Nuclear Power Engineer,Kwilith,we prioritize customer satisfaction and strive for excellence in everything we do.,Software Engineer,mental,Hispanic,female,São Paulo,4093.97
110,42,Executive Secretary,Gabtype,Our company specializes in providing innovative solutions.,Network Administrator,fisico,African American,male,Brasília,9290.31
111,27,Senior Financial Analyst,Eidel,Our company specializes in providing innovative solutions.,Network Administrator,mental,Native American,non-binary,Fortaleza,9831.68
112,32,Quality Control Specialist,Flipbug,We pride ourselves on delivering exceptional products and services to our clients.,Network Administrator,audicao,Asian,male,Salvador,7728.28
113,44,Senior Developer,Mycat,Our company specializes in providing innovative solutions.,Software Engineer,mental,Caucasian,female,Rio de Janeiro,7687.28
114,36,Associate Professor,Trunyx,we prioritize customer satisfaction and strive for excellence in everything we do.,Software Engineer,visual,Hispanic,non-binary,Rio de Janeiro,6362.03
115,8,Software Test Engineer III,Devpoint,With years of experience,Web Developer,audicao,Native American,non-binary,São Paulo,3210.33
116,42,Legal Assistant,Viva,As a company,IT Consultant,audicao,Native American,male,Brasília,2121.94
117,53,Analog Circuit Design manager,Vipe,We are a leading company in the industry.,Software Engineer,fisico,Asian,non-binary,São Paulo,2892.51
118,58,VP Product Management,Npath,With years of experience,Software Engineer,mental,Asian,male,São Paulo,8067.1
119,9,VP Accounting,Voonder,we prioritize customer satisfaction and strive for excellence in everything we do.,Data Analyst,audicao,African American,male,Fortaleza,3634.53
120,32,Computer Systems Analyst I,Babbleblab,we have established ourselves as a trusted name in the market.,IT Consultant,mental,Native American,male,Brasília,1776.79
121,56,Nurse,Gevee,We pride ourselves on delivering exceptional products and services to our clients.,Web Developer,visual,Asian,non-binary,Rio de Janeiro,6986.88
122,13,GIS Technical Architect,Dabfeed,We are a leading company in the industry.,Web Developer,fisico,Caucasian,non-binary,Brasília,7544.61
123,35,Senior Quality Engineer,Eadel,With years of experience,IT Consultant,fisico,Hispanic,male,São Paulo,3218.44
124,39,Community Outreach Specialist,Viva,we have established ourselves as a trusted name in the market.,Software Engineer,fisico,Caucasian,female,São Paulo,7060.24
125,21,Financial Analyst,Livetube,we prioritize customer satisfaction and strive for excellence in everything we do.,Data Analyst,mental,Asian,non-binary,Fortaleza,3225.61
126,3,Safety Technician II,Browsedrive,We pride ourselves on delivering exceptional products and services to our clients.,Data Analyst,mental,Caucasian,female,Rio de Janeiro,7739.25
127,34,Product Engineer,Wikivu,we prioritize customer satisfaction and strive for excellence in everything we do.,Data Analyst,fisico,Caucasian,female,Brasília,9464.66
128,35,Biostatistician III,Bubblemix,we prioritize customer satisfaction and strive for excellence in everything we do.,IT Consultant,audicao,African American,female,Salvador,8786.79
129,51,Recruiter,Kamba,With years of experience,Web Developer,fisico,African American,male,Brasília,2525.11
130,39,VP Marketing,Tazz,As a company,Network Administrator,visual,Asian,male,Rio de Janeiro,6821.32
131,4,Research Nurse,Wordware,Our company specializes in providing innovative solutions.,Data Analyst,visual,Asian,male,Fortaleza,3919.14
132,58,Electrical Engineer,BlogXS,We pride ourselves on delivering exceptional products and services to our clients.,Web Developer,visual,Native American,non-binary,Brasília,8094.72
133,23,Electrical Engineer,Midel,With years of experience,Software Engineer,fisico,Asian,male,Brasília,4839.3
134,15,Mechanical Systems Engineer,Brightbean,As a company,Web Developer,mental,Asian,male,Brasília,4476.84
135,3,Account Executive,Gabtype,We are a leading company in the industry.,Network Administrator,visual,Native American,non-binary,Rio de Janeiro,6583.7
136,12,Design Engineer,Twitterlist,We are a leading company in the industry.,Software Engineer,visual,Hispanic,non-binary,Fortaleza,4709.34
137,27,Administrative Assistant III,Aivee,As a company,Network Administrator,mental,African American,female,Rio de Janeiro,6673.7
138,36,Software Test Engineer II,Blogspan,As a company,Data Analyst,audicao,Native American,male,Salvador,3428.88
139,43,Help Desk Technician,Rhynoodle,we have established ourselves as a trusted name in the market.,Software Engineer,audicao,Hispanic,male,São Paulo,5667.63
140,31,Statistician III,Wikibox,We pride ourselves on delivering exceptional products and services to our clients.,Software Engineer,mental,Native American,female,Salvador,3839.91
141,6,Business Systems Development Analyst,Avamm,Our company specializes in providing innovative solutions.,Software Engineer,fisico,African American,non-binary,Fortaleza,7665.48
142,9,Payment Adjustment Coordinator,Dynava,With years of experience,Web Developer,fisico,Native American,non-binary,Rio de Janeiro,8496.46
143,43,Staff Accountant II,Vipe,With years of experience,IT Consultant,mental,African American,male,Fortaleza,7605.92
144,41,Dental Hygienist,Dabtype,We pride ourselves on delivering exceptional products and services to our clients.,Network Administrator,visual,African American,male,Salvador,5144.68
145,47,Social Worker,Riffpath,As a company,Data Analyst,fisico,Asian,male,São Paulo,1593.18
146,43,Administrative Assistant IV,Skinix,Our company specializes in providing innovative solutions.,IT Consultant,mental,African American,female,Fortaleza,3541.0
147,16,Senior Cost Accountant,Oozz,we have established ourselves as a trusted name in the market.,Network Administrator,audicao,African American,non-binary,Brasília,8620.56
148,17,Analog Circuit Design manager,Gigaclub,With years of experience,Network Administrator,fisico,Hispanic,female,Brasília,5015.55
149,19,Electrical Engineer,Wordtune,We pride ourselves on delivering exceptional products and services to our clients.,Network Administrator,fisico,African American,non-binary,Salvador,3912.12
150,40,Recruiter,Jaxnation,we prioritize customer satisfaction and strive for excellence in everything we do.,Network Administrator,fisico,African American,male,Brasília,8607.72
151,49,Professor,Kazio,As a company,IT Consultant,mental,Native American,non-binary,Salvador,2140.44
152,3,Health Coach II,Yodo,With years of experience,Data Analyst,fisico,African American,male,Brasília,5419.59
153,60,Account Representative II,Yacero,We are a leading company in the industry.,Network Administrator,audicao,Asian,male,São Paulo,3013.9
154,39,Accounting Assistant IV,Feednation,As a company,Web Developer,visual,African American,male,Fortaleza,7240.64
155,52,Internal Auditor,Shufflester,We are a leading company in the industry.,IT Consultant,audicao,Asian,female,Fortaleza,7867.88
156,47,Nurse Practicioner,Skalith,We are a leading company in the industry.,Data Analyst,mental,Native American,female,Fortaleza,9473.33
157,16,Financial Advisor,Tagcat,We pride ourselves on delivering exceptional products and services to our clients.,Web Developer,mental,African American,male,São Paulo,3661.37
158,43,Automation Specialist IV,Realfire,Our company specializes in providing innovative solutions.,Data Analyst,audicao,African American,female,São Paulo,9938.25
159,16,Senior Quality Engineer,Skaboo,We pride ourselves on delivering exceptional products and services to our clients.,Network Administrator,fisico,Native American,non-binary,São Paulo,5547.67
160,51,Nuclear Power Engineer,Avavee,As a company,Network Administrator,fisico,Native American,non-binary,Rio de Janeiro,3636.0
161,10,Internal Auditor,Oyoyo,With years of experience,Data Analyst,visual,Native American,male,Fortaleza,7160.77
162,30,Senior Quality Engineer,Voolia,We are a leading company in the industry.,Software Engineer,fisico,Asian,non-binary,Rio de Janeiro,7493.48
163,21,Technical Writer,Thoughtbeat,As a company,IT Consultant,fisico,Asian,female,Salvador,4878.15
164,60,Executive Secretary,Ntag,Our company specializes in providing innovative solutions.,IT Consultant,audicao,African American,non-binary,Rio de Janeiro,5713.44
165,37,Analyst Programmer,Wordtune,Our company specializes in providing innovative solutions.,Network Administrator,audicao,Asian,non-binary,Rio de Janeiro,4208.63
166,28,Chief Design Engineer,Jaloo,we have established ourselves as a trusted name in the market.,Data Analyst,audicao,Hispanic,female,Brasília,1835.29
167,10,Nurse Practicioner,Gabcube,With years of experience,IT Consultant,mental,Hispanic,male,Fortaleza,6105.11
168,14,VP Quality Control,Photofeed,we have established ourselves as a trusted name in the market.,Network Administrator,visual,Caucasian,male,Fortaleza,9637.2
169,22,Teacher,Layo,With years of experience,Software Engineer,audicao,Native American,female,São Paulo,1966.62
170,17,Editor,Yadel,we have established ourselves as a trusted name in the market.,Software Engineer,mental,African American,non-binary,Salvador,6195.05
171,32,Assistant Professor,Reallinks,As a company,IT Consultant,visual,Asian,non-binary,Salvador,6839.32
172,5,Senior Financial Analyst,Yozio,We are a leading company in the industry.,Web Developer,mental,Hispanic,non-binary,Brasília,6562.01
173,2,Data Coordinator,Aivee,With years of experience,Web Developer,audicao,Hispanic,female,Fortaleza,7090.93
174,50,Developer IV,Yodo,As a company,Network Administrator,fisico,Native American,female,São Paulo,7290.21
175,9,Marketing Manager,Zoozzy,we have established ourselves as a trusted name in the market.,Software Engineer,audicao,Native American,male,Brasília,3435.63
176,52,Environmental Tech,Youfeed,we prioritize customer satisfaction and strive for excellence in everything we do.,Data Analyst,fisico,Native American,male,Salvador,8192.67
177,25,Computer Systems Analyst IV,Geba,We pride ourselves on delivering exceptional products and services to our clients.,Network Administrator,mental,Hispanic,male,Rio de Janeiro,5758.73
178,3,Graphic Designer,Kanoodle,Our company specializes in providing innovative solutions.,Network Administrator,mental,Caucasian,non-binary,Salvador,6358.77
179,49,Project Manager,Photobug,As a company,Data Analyst,fisico,Hispanic,female,São Paulo,9388.39
180,31,VP Quality Control,Linktype,As a company,Network Administrator,audicao,Hispanic,non-binary,Salvador,3575.63
181,41,Programmer Analyst III,Trilith,we have established ourselves as a trusted name in the market.,Network Administrator,fisico,Asian,female,Fortaleza,7525.12
182,57,Research Assistant IV,Demimbu,we prioritize customer satisfaction and strive for excellence in everything we do.,Web Developer,mental,Caucasian,non-binary,São Paulo,2219.74
183,21,Clinical Specialist,Livetube,we prioritize customer satisfaction and strive for excellence in everything we do.,IT Consultant,audicao,Asian,female,Brasília,3860.93
184,48,Social Worker,Abatz,Our company specializes in providing innovative solutions.,Web Developer,fisico,Native American,female,Rio de Janeiro,8767.38
185,53,Computer Systems Analyst III,Mycat,we have established ourselves as a trusted name in the market.,Network Administrator,visual,African American,male,Rio de Janeiro,4980.19
186,37,Teacher,Skipfire,With years of experience,IT Consultant,fisico,African American,male,Rio de Janeiro,2561.38
187,13,Payment Adjustment Coordinator,Quimm,Our company specializes in providing innovative solutions.,IT Consultant,audicao,Caucasian,male,São Paulo,9364.39
188,59,Nurse,Edgeblab,Our company specializes in providing innovative solutions.,Network Administrator,visual,Native American,female,Brasília,2891.67
189,46,Assistant Media Planner,Rhyloo,We are a leading company in the industry.,Web Developer,fisico,Native American,male,São Paulo,8415.81
190,50,Database Administrator IV,Dynabox,With years of experience,IT Consultant,visual,Asian,male,Fortaleza,8014.17
191,43,VP Sales,Voolia,We are a leading company in the industry.,Data Analyst,audicao,Hispanic,female,Brasília,1810.29
192,53,Budget/Accounting Analyst IV,Rhyzio,We pride ourselves on delivering exceptional products and services to our clients.,IT Consultant,fisico,African American,non-binary,Rio de Janeiro,8602.67
193,47,Automation Specialist IV,Voolia,We are a leading company in the industry.,Software Engineer,mental,African American,male,Rio de Janeiro,9502.08
194,54,Civil Engineer,Pixoboo,We pride ourselves on delivering exceptional products and services to our clients.,Web Developer,visual,Hispanic,male,Brasília,5835.19
195,34,Web Designer I,Realpoint,Our company specializes in providing innovative solutions.,Data Analyst,mental,African American,female,São Paulo,2457.25
196,49,Staff Accountant II,Eamia,Our company specializes in providing innovative solutions.,IT Consultant,fisico,Caucasian,female,Brasília,3761.21
197,15,Recruiter,Buzzdog,Our company specializes in providing innovative solutions.,Data Analyst,mental,Caucasian,female,Salvador,8756.69
198,27,Administrative Officer,Zoovu,We pride ourselves on delivering exceptional products and services to our clients.,Data Analyst,audicao,African American,non-binary,Salvador,6402.87
199,0,Quality Engineer,Skilith,We are a leading company in the industry.,Network Administrator,audicao,Hispanic,male,Fortaleza,8572.14
200,28,Staff Accountant III,Rooxo,We pride ourselves on delivering exceptional products and services to our clients.,Software Engineer,fisico,African American,non-binary,Rio de Janeiro,7778.63
201,48,Help Desk Operator,Youopia,we have established ourselves as a trusted name in the market.,IT Consultant,mental,Caucasian,female,Brasília,6692.83
202,3,Marketing Assistant,Ntags,Our company specializes in providing innovative solutions.,IT Consultant,fisico,Native American,non-binary,Salvador,1736.42
203,17,Staff Accountant III,Babbleblab,With years of experience,Software Engineer,mental,African American,non-binary,Rio de Janeiro,6463.99
204,31,Software Test Engineer I,Kazio,We are a leading company in the industry.,Network Administrator,mental,Hispanic,female,Brasília,2083.69
205,21,Mechanical Systems Engineer,Meetz,With years of experience,Data Analyst,mental,Asian,non-binary,Brasília,2115.97
206,2,Mechanical Systems Engineer,Blogtag,we prioritize customer satisfaction and strive for excellence in everything we do.,Network Administrator,fisico,Asian,female,São Paulo,1640.73
207,56,Human Resources Assistant II,Skinix,we have established ourselves as a trusted name in the market.,Software Engineer,visual,Hispanic,female,Fortaleza,5826.89
208,19,Senior Quality Engineer,Fiveclub,We are a leading company in the industry.,Web Developer,fisico,African American,male,São Paulo,4101.11
209,40,Compensation Analyst,Quinu,As a company,IT Consultant,audicao,Hispanic,male,São Paulo,9557.74
210,46,Administrative Officer,Gevee,we prioritize customer satisfaction and strive for excellence in everything we do.,IT Consultant,visual,Native American,female,Salvador,9923.84
211,15,Project Manager,Youspan,We pride ourselves on delivering exceptional products and services to our clients.,Web Developer,mental,Native American,male,Rio de Janeiro,7550.37
212,43,VP Accounting,Skilith,we prioritize customer satisfaction and strive for excellence in everything we do.,Data Analyst,mental,Hispanic,non-binary,Salvador,8714.5
213,46,Dental Hygienist,Twinder,As a company,Software Engineer,fisico,Asian,male,Brasília,3992.87
214,30,Biostatistician IV,Layo,Our company specializes in providing innovative solutions.,IT Consultant,audicao,African American,male,Fortaleza,8349.88
215,13,Research Nurse,Roomm,We are a leading company in the industry.,Data Analyst,fisico,Native American,male,Salvador,8589.47
216,57,Help Desk Operator,Fliptune,We pride ourselves on delivering exceptional products and services to our clients.,IT Consultant,fisico,African American,female,São Paulo,8508.8
217,55,Recruiter,Babbleset,Our company specializes in providing innovative solutions.,IT Consultant,fisico,Hispanic,non-binary,Brasília,5858.18
218,7,Safety Technician I,Mycat,As a company,Network Administrator,visual,Caucasian,male,São Paulo,1541.47
219,57,Geologist II,Voonix,we prioritize customer satisfaction and strive for excellence in everything we do.,Data Analyst,visual,Hispanic,male,Fortaleza,6828.98
220,56,Recruiter,Realmix,We pride ourselves on delivering exceptional products and services to our clients.,Software Engineer,mental,Native American,female,Fortaleza,6840.57
221,30,Software Test Engineer III,Ntags,we prioritize customer satisfaction and strive for excellence in everything we do.,Network Administrator,visual,Native American,female,Brasília,1842.67
222,21,Professor,Edgeify,Our company specializes in providing innovative solutions.,Network Administrator,audicao,Hispanic,non-binary,Rio de Janeiro,8028.97
223,31,Recruiting Manager,Dynava,We pride ourselves on delivering exceptional products and services to our clients.,Network Administrator,visual,Hispanic,female,Salvador,8439.86
224,47,Structural Engineer,Leenti,With years of experience,Web Developer,fisico,Native American,female,Rio de Janeiro,5459.63
225,42,Associate Professor,Mudo,As a company,Network Administrator,audicao,African American,non-binary,São Paulo,3987.01
226,38,Recruiter,Skippad,We pride ourselves on delivering exceptional products and services to our clients.,Data Analyst,mental,Hispanic,female,São Paulo,5357.62
227,7,Senior Quality Engineer,Pixoboo,We are a leading company in the industry.,Data Analyst,mental,Caucasian,male,Fortaleza,8033.46
228,23,Cost Accountant,Eare,we prioritize customer satisfaction and strive for excellence in everything we do.,IT Consultant,fisico,Asian,male,Brasília,6541.99
229,20,Social Worker,Wikizz,As a company,Network Administrator,mental,Caucasian,male,Fortaleza,5274.62
230,12,Accounting Assistant II,Dynazzy,We are a leading company in the industry.,IT Consultant,audicao,African American,male,Rio de Janeiro,5940.34
231,13,Senior Financial Analyst,Feedbug,We are a leading company in the industry.,IT Consultant,audicao,Native American,male,Rio de Janeiro,7815.11
232,55,Analog Circuit Design manager,Realpoint,Our company specializes in providing innovative solutions.,Network Administrator,audicao,African American,female,São Paulo,3507.4
233,33,Payment Adjustment Coordinator,Shufflester,With years of experience,Network Administrator,visual,Native American,male,São Paulo,9659.58
234,22,Professor,Dabvine,we prioritize customer satisfaction and strive for excellence in everything we do.,Network Administrator,mental,Hispanic,male,Brasília,7768.36
235,45,VP Accounting,Roomm,As a company,Network Administrator,audicao,Native American,male,Fortaleza,8511.46
236,17,Quality Control Specialist,Jazzy,We are a leading company in the industry.,Web Developer,fisico,Asian,male,Salvador,7686.88
237,39,General Manager,Gevee,As a company,Data Analyst,mental,Caucasian,non-binary,Rio de Janeiro,8865.43
238,9,Desktop Support Technician,Photolist,With years of experience,IT Consultant,fisico,Asian,non-binary,Salvador,9430.74
239,0,Community Outreach Specialist,Dynazzy,We are a leading company in the industry.,Data Analyst,audicao,Native American,female,Brasília,3941.07
240,10,VP Sales,Skyble,we prioritize customer satisfaction and strive for excellence in everything we do.,Web Developer,fisico,African American,male,São Paulo,8186.39
241,47,VP Accounting,Avavee,We are a leading company in the industry.,Software Engineer,audicao,African American,male,São Paulo,8753.49
242,9,Legal Assistant,Jatri,With years of experience,IT Consultant,visual,African American,female,Brasília,2526.88
243,14,VP Marketing,Mybuzz,we have established ourselves as a trusted name in the market.,Data Analyst,fisico,Hispanic,female,Fortaleza,3718.0
244,9,Occupational Therapist,Mita,With years of experience,Web Developer,mental,Asian,non-binary,Brasília,8840.52
245,13,Computer Systems Analyst III,Browsetype,we have established ourselves as a trusted name in the market.,IT Consultant,audicao,Native American,male,São Paulo,3611.71
246,45,Geologist III,Minyx,we have established ourselves as a trusted name in the market.,Software Engineer,mental,Native American,male,São Paulo,2919.09
247,4,Desktop Support Technician,Pixope,With years of experience,Web Developer,fisico,Native American,female,Brasília,2709.24
248,21,Research Associate,Quamba,With years of experience,Network Administrator,mental,Caucasian,male,Salvador,3307.24
249,8,Civil Engineer,Linkbridge,We are a leading company in the industry.,Software Engineer,mental,Hispanic,non-binary,Fortaleza,2807.26
250,32,Developer III,Trunyx,we prioritize customer satisfaction and strive for excellence in everything we do.,Data Analyst,mental,Hispanic,female,São Paulo,8533.47
251,52,Marketing Manager,Feedfish,With years of experience,Data Analyst,fisico,African American,male,Brasília,5535.93
252,4,Analog Circuit Design manager,Gigaclub,As a company,Software Engineer,fisico,Caucasian,male,Fortaleza,6604.4
253,55,Accounting Assistant I,Skyvu,We are a leading company in the industry.,IT Consultant,mental,Asian,male,Rio de Janeiro,8426.61
254,49,Biostatistician III,Voonix,With years of experience,Data Analyst,visual,Caucasian,male,São Paulo,2142.19
255,56,GIS Technical Architect,Dynabox,As a company,IT Consultant,visual,Hispanic,male,Rio de Janeiro,3137.06
256,57,Account Representative III,Yakidoo,We pride ourselves on delivering exceptional products and services to our clients.,IT Consultant,fisico,African American,male,Rio de Janeiro,9522.78
257,25,Account Executive,Mymm,With years of experience,Data Analyst,visual,Hispanic,female,Rio de Janeiro,5059.77
258,15,Recruiting Manager,Rhyzio,Our company specializes in providing innovative solutions.,Web Developer,fisico,Native American,non-binary,Fortaleza,6969.85
259,17,Accountant IV,Dynabox,we prioritize customer satisfaction and strive for excellence in everything we do.,Software Engineer,mental,Hispanic,non-binary,Fortaleza,2570.59
260,53,Assistant Professor,Aibox,With years of experience,Network Administrator,audicao,Hispanic,female,Salvador,9198.04
261,43,Chief Design Engineer,Tagpad,We pride ourselves on delivering exceptional products and services to our clients.,Software Engineer,audicao,Asian,female,Fortaleza,8950.74
262,20,VP Accounting,Photojam,we prioritize customer satisfaction and strive for excellence in everything we do.,Data Analyst,visual,Hispanic,female,Salvador,8319.36
263,59,VP Accounting,Rhynyx,we have established ourselves as a trusted name in the market.,IT Consultant,visual,Native American,female,Brasília,6727.37
264,17,Senior Cost Accountant,Lazz,With years of experience,IT Consultant,mental,Asian,male,São Paulo,6421.89
265,18,Dental Hygienist,Innotype,we have established ourselves as a trusted name in the market.,Software Engineer,visual,Caucasian,male,Rio de Janeiro,6160.35
266,1,Media Manager I,Realcube,we prioritize customer satisfaction and strive for excellence in everything we do.,Web Developer,fisico,Caucasian,non-binary,Fortaleza,5549.6
267,29,Editor,Kaymbo,we have established ourselves as a trusted name in the market.,Software Engineer,mental,African American,non-binary,São Paulo,9003.33
268,28,Senior Quality Engineer,Oyondu,we prioritize customer satisfaction and strive for excellence in everything we do.,Web Developer,mental,Asian,non-binary,Fortaleza,3884.26
269,45,Web Designer IV,Wikivu,We are a leading company in the industry.,Software Engineer,fisico,Hispanic,male,Brasília,8574.68
270,21,Geologist IV,Kwilith,we have established ourselves as a trusted name in the market.,Data Analyst,audicao,African American,female,Fortaleza,6765.69
271,11,Legal Assistant,Jaxworks,As a company,Data Analyst,visual,Hispanic,non-binary,Brasília,9450.65
272,13,Research Nurse,Flashdog,Our company specializes in providing innovative solutions.,Web Developer,audicao,African American,male,Salvador,4807.44
273,27,Financial Analyst,Buzzbean,we have established ourselves as a trusted name in the market.,Data Analyst,audicao,Asian,female,São Paulo,8532.75
274,53,Nuclear Power Engineer,Zoonoodle,we prioritize customer satisfaction and strive for excellence in everything we do.,Data Analyst,fisico,Caucasian,male,Fortaleza,6142.58
275,31,Human Resources Manager,Wordware,Our company specializes in providing innovative solutions.,Web Developer,mental,Asian,non-binary,Rio de Janeiro,8717.8
276,51,Software Consultant,Edgewire,With years of experience,Web Developer,fisico,Hispanic,female,Brasília,6582.83
277,13,Senior Cost Accountant,Browsetype,We pride ourselves on delivering exceptional products and services to our clients.,Data Analyst,visual,Caucasian,male,Salvador,8003.82
278,10,Nurse Practicioner,Skynoodle,Our company specializes in providing innovative solutions.,Network Administrator,fisico,African American,female,Brasília,8890.03
279,11,Electrical Engineer,Oloo,We are a leading company in the industry.,Network Administrator,visual,Native American,non-binary,São Paulo,7154.34
280,14,Tax Accountant,Muxo,We pride ourselves on delivering exceptional products and services to our clients.,IT Consultant,audicao,Caucasian,female,Rio de Janeiro,6106.73
281,39,Safety Technician II,Nlounge,As a company,Web Developer,fisico,Caucasian,non-binary,Salvador,5666.08
282,27,Civil Engineer,Brightdog,As a company,IT Consultant,fisico,Native American,male,São Paulo,6312.29
283,57,Actuary,Fivebridge,As a company,Data Analyst,mental,African American,female,Salvador,9229.15
284,39,Project Manager,Feedfish,As a company,Data Analyst,mental,African American,male,Fortaleza,3169.33
285,48,Senior Cost Accountant,Ozu,As a company,Data Analyst,mental,Hispanic,female,Brasília,4467.3
286,45,Research Nurse,Thoughtbeat,we have established ourselves as a trusted name in the market.,IT Consultant,fisico,Native American,male,Rio de Janeiro,5038.88
287,36,Programmer IV,Gevee,we have established ourselves as a trusted name in the market.,Web Developer,audicao,Hispanic,female,São Paulo,6283.41
288,58,Assistant Professor,Wordware,As a company,Web Developer,visual,Hispanic,non-binary,Salvador,2851.33
289,1,VP Accounting,Dynava,Our company specializes in providing innovative solutions.,Network Administrator,fisico,Native American,female,Fortaleza,7767.2
290,25,Health Coach I,Divape,We are a leading company in the industry.,Software Engineer,mental,Hispanic,female,Salvador,3865.3
291,60,VP Quality Control,Realbuzz,we have established ourselves as a trusted name in the market.,Web Developer,fisico,Hispanic,non-binary,São Paulo,4212.48
292,48,Database Administrator III,Cogibox,We pride ourselves on delivering exceptional products and services to our clients.,Network Administrator,mental,African American,female,Salvador,5156.4
293,60,Junior Executive,Ntag,we have established ourselves as a trusted name in the market.,Web Developer,fisico,African American,non-binary,Brasília,6866.33
294,59,Speech Pathologist,Flipbug,With years of experience,Network Administrator,fisico,African American,male,Salvador,1728.81
295,57,Senior Quality Engineer,Skinder,Our company specializes in providing innovative solutions.,Software Engineer,fisico,African American,male,Fortaleza,7438.23
296,25,Structural Engineer,Wikizz,As a company,Software Engineer,visual,African American,male,Rio de Janeiro,8382.31
297,50,Assistant Professor,Wikibox,With years of experience,IT Consultant,visual,Native American,male,Rio de Janeiro,8180.23
298,35,Social Worker,Devshare,Our company specializes in providing innovative solutions.,Network Administrator,visual,Asian,non-binary,São Paulo,8751.86
299,13,Desktop Support Technician,Devpoint,We pride ourselves on delivering exceptional products and services to our clients.,Software Engineer,fisico,Hispanic,non-binary,Rio de Janeiro,4403.01
300,39,Administrative Assistant II,Browsebug,we prioritize customer satisfaction and strive for excellence in everything we do.,Data Analyst,fisico,Hispanic,non-binary,Brasília,5622.61
301,51,Food Chemist,Tazzy,Our company specializes in providing innovative solutions.,IT Consultant,visual,Hispanic,male,Brasília,8086.59
302,39,Programmer Analyst III,Yambee,We pride ourselves on delivering exceptional products and services to our clients.,IT Consultant,fisico,Asian,female,Brasília,5216.45
303,53,Senior Quality Engineer,Skalith,We are a leading company in the industry.,Software Engineer,visual,Hispanic,non-binary,Brasília,9272.78
304,54,Senior Sales Associate,Livefish,Our company specializes in providing innovative solutions.,Network Administrator,visual,Hispanic,female,Salvador,3037.24
305,26,Database Administrator II,Linklinks,We pride ourselves on delivering exceptional products and services to our clients.,Web Developer,audicao,Native American,male,Rio de Janeiro,8771.75
306,10,Design Engineer,Skajo,We are a leading company in the industry.,Web Developer,fisico,African American,non-binary,Rio de Janeiro,8492.25
307,50,Staff Accountant I,Meejo,We pride ourselves on delivering exceptional products and services to our clients.,Software Engineer,fisico,Asian,male,Rio de Janeiro,3511.15
308,51,Structural Engineer,Buzzster,We pride ourselves on delivering exceptional products and services to our clients.,Data Analyst,fisico,Native American,male,Salvador,6205.94
309,5,VP Quality Control,Tagcat,We pride ourselves on delivering exceptional products and services to our clients.,IT Consultant,visual,Caucasian,non-binary,Salvador,6993.25
310,51,Administrative Assistant I,Skivee,We are a leading company in the industry.,Web Developer,visual,African American,female,Fortaleza,3378.28
311,30,Accounting Assistant I,Gigaclub,we have established ourselves as a trusted name in the market.,Software Engineer,audicao,Hispanic,male,São Paulo,8265.97
312,16,Biostatistician III,Talane,we have established ourselves as a trusted name in the market.,Network Administrator,mental,African American,female,Fortaleza,1900.62
313,60,Account Representative II,Ntag,We pride ourselves on delivering exceptional products and services to our clients.,Data Analyst,fisico,Native American,female,Fortaleza,8557.83
314,39,Marketing Assistant,Tagfeed,we prioritize customer satisfaction and strive for excellence in everything we do.,Web Developer,visual,African American,female,São Paulo,9963.42
315,39,General Manager,Flashset,With years of experience,Web Developer,fisico,African American,female,Fortaleza,8947.48
316,36,Financial Analyst,Skinder,we prioritize customer satisfaction and strive for excellence in everything we do.,Network Administrator,mental,Caucasian,non-binary,São Paulo,7427.67
317,25,Social Worker,Quatz,With years of experience,IT Consultant,mental,Caucasian,female,Salvador,4717.83
318,24,VP Quality Control,Browsetype,we have established ourselves as a trusted name in the market.,Software Engineer,mental,Caucasian,male,Salvador,2020.74
319,49,Senior Sales Associate,Mudo,Our company specializes in providing innovative solutions.,Web Developer,visual,Native American,male,Brasília,1934.43
320,30,Recruiting Manager,Mudo,With years of experience,Network Administrator,visual,African American,non-binary,Salvador,5183.71
321,57,Desktop Support Technician,Zooveo,we prioritize customer satisfaction and strive for excellence in everything we do.,Data Analyst,audicao,Asian,female,São Paulo,5920.92
322,4,Tax Accountant,Shufflester,We are a leading company in the industry.,Data Analyst,audicao,Caucasian,male,São Paulo,1712.6
323,51,Computer Systems Analyst II,Yakitri,With years of experience,Data Analyst,mental,Caucasian,non-binary,Salvador,9033.88
324,40,Electrical Engineer,Quimm,we prioritize customer satisfaction and strive for excellence in everything we do.,Software Engineer,audicao,African American,female,Brasília,7478.31
325,2,Technical Writer,Jaxspan,With years of experience,Software Engineer,fisico,African American,male,Brasília,6294.16
326,37,Accountant IV,Cogibox,Our company specializes in providing innovative solutions.,IT Consultant,visual,African American,non-binary,Fortaleza,2031.58
327,17,Mechanical Systems Engineer,Mydeo,we have established ourselves as a trusted name in the market.,Web Developer,visual,Native American,male,Brasília,4061.92
328,30,Media Manager I,Thoughtworks,As a company,Web Developer,visual,Native American,male,Rio de Janeiro,6225.52
329,50,Financial Advisor,Twitterbeat,As a company,Web Developer,visual,Native American,male,Brasília,5127.04
330,35,Environmental Specialist,Leenti,we have established ourselves as a trusted name in the market.,Web Developer,fisico,Caucasian,male,Fortaleza,6645.51
331,7,Human Resources Assistant II,Trilith,We pride ourselves on delivering exceptional products and services to our clients.,Data Analyst,audicao,Asian,non-binary,São Paulo,7697.93
332,30,Nurse Practicioner,Zooveo,We are a leading company in the industry.,Software Engineer,mental,Hispanic,non-binary,São Paulo,2514.42
333,51,Data Coordinator,Meevee,We pride ourselves on delivering exceptional products and services to our clients.,Web Developer,audicao,Hispanic,male,Fortaleza,9406.52
334,7,Payment Adjustment Coordinator,Minyx,we have established ourselves as a trusted name in the market.,Software Engineer,fisico,Asian,male,Brasília,7367.01
335,8,Marketing Assistant,Flashset,As a company,Web Developer,visual,Hispanic,non-binary,Salvador,6868.64
336,22,General Manager,Livetube,we have established ourselves as a trusted name in the market.,Data Analyst,audicao,Caucasian,non-binary,São Paulo,8870.08
337,38,Programmer Analyst IV,Jamia,we have established ourselves as a trusted name in the market.,Network Administrator,audicao,African American,male,Fortaleza,8114.76
338,1,Web Developer I,Realblab,we have established ourselves as a trusted name in the market.,Data Analyst,fisico,Native American,non-binary,São Paulo,4286.34
339,13,Accountant I,Oodoo,we have established ourselves as a trusted name in the market.,Web Developer,mental,Caucasian,male,Salvador,5775.09
340,15,VP Accounting,Demizz,With years of experience,Web Developer,audicao,Asian,male,Brasília,8197.67
341,21,Financial Analyst,Jaloo,We are a leading company in the industry.,IT Consultant,visual,Asian,male,Brasília,9879.53
342,15,Quality Control Specialist,Innojam,we prioritize customer satisfaction and strive for excellence in everything we do.,Network Administrator,audicao,Caucasian,male,Fortaleza,5769.39
343,43,Paralegal,Quinu,we prioritize customer satisfaction and strive for excellence in everything we do.,Data Analyst,mental,Caucasian,male,Brasília,8648.97
344,49,Nuclear Power Engineer,Shuffletag,With years of experience,Network Administrator,audicao,Asian,non-binary,Brasília,2326.45
345,17,Systems Administrator II,Mynte,With years of experience,Data Analyst,audicao,Hispanic,male,São Paulo,6753.22
346,6,Accounting Assistant III,Topicware,We pride ourselves on delivering exceptional products and services to our clients.,Data Analyst,fisico,African American,female,Rio de Janeiro,6984.17
347,34,Accountant II,Meevee,we have established ourselves as a trusted name in the market.,Network Administrator,visual,Asian,male,Brasília,7645.0
348,30,Computer Systems Analyst I,Jabbercube,We are a leading company in the industry.,Software Engineer,visual,Caucasian,female,São Paulo,5025.49
349,15,Senior Quality Engineer,Topicstorm,As a company,Network Administrator,audicao,Hispanic,non-binary,Rio de Janeiro,3070.8
350,36,Associate Professor,Edgeify,As a company,Data Analyst,visual,Hispanic,male,Rio de Janeiro,3865.58
351,19,Operator,Thoughtworks,we have established ourselves as a trusted name in the market.,Data Analyst,mental,Hispanic,male,Salvador,9251.2
352,23,Data Coordinator,Buzzdog,we have established ourselves as a trusted name in the market.,Network Administrator,fisico,Asian,male,Rio de Janeiro,3104.02
353,47,Cost Accountant,Riffpath,we prioritize customer satisfaction and strive for excellence in everything we do.,Web Developer,mental,Caucasian,female,São Paulo,6637.91
354,52,Nuclear Power Engineer,Skinder,Our company specializes in providing innovative solutions.,Software Engineer,visual,Asian,male,São Paulo,4089.3
355,41,Sales Representative,Layo,With years of experience,IT Consultant,fisico,African American,female,Brasília,9184.69
356,22,Safety Technician II,Fivespan,Our company specializes in providing innovative solutions.,Data Analyst,audicao,Hispanic,non-binary,Brasília,9285.92
357,21,Civil Engineer,Meevee,We pride ourselves on delivering exceptional products and services to our clients.,Web Developer,audicao,African American,female,São Paulo,2635.59
358,56,Programmer II,Izio,we have established ourselves as a trusted name in the market.,Data Analyst,mental,Native American,non-binary,São Paulo,9485.36
359,31,Chemical Engineer,Meejo,we have established ourselves as a trusted name in the market.,IT Consultant,visual,Asian,male,Rio de Janeiro,3031.57
360,21,Marketing Manager,Skivee,With years of experience,Network Administrator,fisico,Caucasian,non-binary,Salvador,2106.7
361,31,Marketing Assistant,Zooveo,We are a leading company in the industry.,Data Analyst,audicao,Caucasian,male,Fortaleza,4561.49
362,26,Administrative Assistant I,Leexo,Our company specializes in providing innovative solutions.,IT Consultant,fisico,African American,female,São Paulo,2222.55
363,5,Food Chemist,Miboo,With years of experience,IT Consultant,visual,Hispanic,female,Rio de Janeiro,6346.94
364,56,Account Coordinator,Yakijo,As a company,IT Consultant,audicao,African American,non-binary,Rio de Janeiro,9794.33
365,31,Sales Representative,Edgewire,We pride ourselves on delivering exceptional products and services to our clients.,Software Engineer,mental,Hispanic,non-binary,Brasília,3498.0
366,23,Mechanical Systems Engineer,Voonte,With years of experience,Network Administrator,fisico,Hispanic,non-binary,Salvador,7816.8
367,0,Statistician III,Realbuzz,With years of experience,Network Administrator,fisico,Asian,non-binary,Fortaleza,5257.77
368,39,Engineer I,Browsetype,As a company,Data Analyst,fisico,African American,non-binary,São Paulo,4711.42
369,56,Developer III,Fliptune,We pride ourselves on delivering exceptional products and services to our clients.,Network Administrator,mental,Hispanic,male,São Paulo,9649.11
370,49,Business Systems Development Analyst,Voonyx,As a company,Network Administrator,visual,Asian,female,São Paulo,6480.1
371,18,Chief Design Engineer,Yoveo,We are a leading company in the industry.,Network Administrator,fisico,African American,male,Rio de Janeiro,7826.45
372,39,Assistant Professor,Skyvu,we have established ourselves as a trusted name in the market.,Web Developer,audicao,Hispanic,male,Brasília,6432.34
373,39,Account Coordinator,Mynte,We are a leading company in the industry.,Network Administrator,mental,African American,non-binary,Fortaleza,8343.52
374,39,Electrical Engineer,Gabtune,As a company,Web Developer,fisico,Native American,male,São Paulo,5031.0
375,52,Health Coach II,Realmix,we have established ourselves as a trusted name in the market.,Network Administrator,mental,African American,non-binary,São Paulo,9839.08
376,2,Payment Adjustment Coordinator,Yakidoo,With years of experience,Software Engineer,audicao,Native American,male,Brasília,5853.68
377,36,Research Associate,Chatterbridge,We pride ourselves on delivering exceptional products and services to our clients.,IT Consultant,visual,Asian,female,Brasília,2153.47
378,42,Professor,Tagpad,As a company,Software Engineer,visual,African American,non-binary,Fortaleza,4061.45
379,31,Marketing Assistant,Buzzbean,We are a leading company in the industry.,Web Developer,audicao,Asian,non-binary,Salvador,2085.62
380,35,Analog Circuit Design manager,Topicshots,As a company,Web Developer,visual,Caucasian,male,Fortaleza,4008.79
381,53,Nurse Practicioner,Thoughtmix,we prioritize customer satisfaction and strive for excellence in everything we do.,IT Consultant,mental,Native American,non-binary,Fortaleza,6118.45
382,26,Dental Hygienist,Dabtype,We pride ourselves on delivering exceptional products and services to our clients.,Network Administrator,audicao,Hispanic,non-binary,Rio de Janeiro,6386.57
383,24,Product Engineer,Rhybox,We are a leading company in the industry.,Software Engineer,fisico,African American,male,Rio de Janeiro,7960.3
384,59,Business Systems Development Analyst,Buzzdog,We are a leading company in the industry.,IT Consultant,fisico,Asian,female,Brasília,2884.94
385,22,Structural Analysis Engineer,Youspan,we have established ourselves as a trusted name in the market.,Network Administrator,fisico,Hispanic,non-binary,Brasília,5053.34
386,32,Data Coordinator,Einti,we prioritize customer satisfaction and strive for excellence in everything we do.,Software Engineer,visual,Asian,female,Brasília,7213.45
387,56,Community Outreach Specialist,Leenti,We are a leading company in the industry.,Software Engineer,visual,Asian,male,Rio de Janeiro,1616.56
388,46,Senior Financial Analyst,Divanoodle,we prioritize customer satisfaction and strive for excellence in everything we do.,IT Consultant,visual,African American,female,Fortaleza,4075.11
389,11,Developer IV,Bluejam,We are a leading company in the industry.,Data Analyst,visual,Hispanic,non-binary,Rio de Janeiro,7659.29
390,18,Actuary,Tambee,Our company specializes in providing innovative solutions.,Data Analyst,mental,Hispanic,female,Brasília,5434.68
391,32,Developer IV,Thoughtmix,We pride ourselves on delivering exceptional products and services to our clients.,Software Engineer,fisico,Hispanic,non-binary,Rio de Janeiro,7312.62
392,51,Research Nurse,Dabtype,We are a leading company in the industry.,IT Consultant,fisico,Caucasian,non-binary,Salvador,4587.75
393,56,Clinical Specialist,Roomm,We are a leading company in the industry.,Data Analyst,visual,Caucasian,male,Rio de Janeiro,5744.97
394,34,Account Representative I,Jaloo,we prioritize customer satisfaction and strive for excellence in everything we do.,IT Consultant,fisico,Asian,male,Salvador,3099.72
395,43,Compensation Analyst,Riffpedia,we prioritize customer satisfaction and strive for excellence in everything we do.,Data Analyst,visual,Hispanic,male,São Paulo,5699.54
396,18,Nurse,Wordtune,we prioritize customer satisfaction and strive for excellence in everything we do.,IT Consultant,audicao,African American,male,São Paulo,5668.73
397,22,Programmer Analyst III,Demizz,As a company,Network Administrator,fisico,Hispanic,male,Salvador,7659.74
398,23,Programmer I,Babbleopia,We pride ourselves on delivering exceptional products and services to our clients.,Network Administrator,audicao,African American,non-binary,São Paulo,3780.07
399,31,Health Coach II,Yambee,We are a leading company in the industry.,IT Consultant,visual,Asian,male,Salvador,6606.03
400,43,Human Resources Assistant I,Ooba,We are a leading company in the industry.,Software Engineer,audicao,Caucasian,non-binary,Brasília,2257.53
401,39,Registered Nurse,Roodel,Our company specializes in providing innovative solutions.,Software Engineer,fisico,Hispanic,male,Salvador,6658.52
402,0,Senior Quality Engineer,Buzzshare,With years of experience,Web Developer,mental,African American,female,Fortaleza,7365.16
403,41,Account Executive,Yamia,We pride ourselves on delivering exceptional products and services to our clients.,Network Administrator,fisico,Caucasian,male,Rio de Janeiro,8069.52
404,1,Compensation Analyst,Linkbridge,we prioritize customer satisfaction and strive for excellence in everything we do.,Data Analyst,fisico,Hispanic,non-binary,Salvador,6284.86
405,16,Geological Engineer,Thoughtstorm,we have established ourselves as a trusted name in the market.,Data Analyst,mental,Caucasian,non-binary,Rio de Janeiro,4334.38
406,11,Structural Analysis Engineer,Edgeify,Our company specializes in providing innovative solutions.,Data Analyst,fisico,African American,female,Salvador,8039.51
407,21,Speech Pathologist,Rhynoodle,With years of experience,Network Administrator,fisico,African American,male,São Paulo,7462.91
408,13,Web Designer II,Meevee,We are a leading company in the industry.,Network Administrator,fisico,Asian,male,Fortaleza,2963.68
409,19,Occupational Therapist,Linkbuzz,we prioritize customer satisfaction and strive for excellence in everything we do.,Software Engineer,mental,African American,male,Salvador,5177.77
410,32,Programmer II,Browsezoom,As a company,Software Engineer,mental,Caucasian,non-binary,Fortaleza,7767.0
411,9,Statistician III,Voomm,With years of experience,Network Administrator,fisico,African American,female,São Paulo,7064.11
412,36,Mechanical Systems Engineer,Layo,We are a leading company in the industry.,IT Consultant,mental,Native American,non-binary,Fortaleza,2349.71
413,50,Social Worker,Oodoo,we prioritize customer satisfaction and strive for excellence in everything we do.,Network Administrator,audicao,African American,male,Salvador,5814.07
414,4,Dental Hygienist,Oyoloo,Our company specializes in providing innovative solutions.,IT Consultant,fisico,Caucasian,female,Fortaleza,5415.17
415,27,Structural Analysis Engineer,Riffpedia,As a company,Network Administrator,fisico,African American,male,Salvador,5412.46
416,15,Automation Specialist I,Skivee,With years of experience,Web Developer,fisico,Hispanic,female,Brasília,7969.5
417,10,Database Administrator IV,Brainverse,Our company specializes in providing innovative solutions.,Software Engineer,visual,Caucasian,female,Rio de Janeiro,9905.58
418,17,Staff Scientist,Meemm,We pride ourselves on delivering exceptional products and services to our clients.,Web Developer,visual,Hispanic,non-binary,Brasília,1824.1
419,4,VP Marketing,Devify,We pride ourselves on delivering exceptional products and services to our clients.,Data Analyst,visual,Hispanic,female,Brasília,8061.83
420,40,Assistant Media Planner,Viva,we prioritize customer satisfaction and strive for excellence in everything we do.,Web Developer,audicao,Caucasian,non-binary,Salvador,7328.58
421,34,Sales Representative,Linktype,We are a leading company in the industry.,Network Administrator,visual,Asian,male,Salvador,9351.83
422,35,Environmental Specialist,Browseblab,we have established ourselves as a trusted name in the market.,Data Analyst,audicao,African American,female,Fortaleza,4236.95
423,10,Research Assistant III,Avamba,Our company specializes in providing innovative solutions.,Software Engineer,audicao,Asian,female,Salvador,7255.06
424,31,Account Executive,Jetwire,As a company,Data Analyst,visual,Asian,male,Fortaleza,9743.55
425,33,Biostatistician II,Gigazoom,As a company,Network Administrator,visual,Hispanic,male,São Paulo,9899.23
426,54,Help Desk Operator,Roombo,we prioritize customer satisfaction and strive for excellence in everything we do.,Data Analyst,visual,Caucasian,non-binary,Fortaleza,6452.39
427,52,Social Worker,Innojam,We pride ourselves on delivering exceptional products and services to our clients.,Network Administrator,visual,Hispanic,male,São Paulo,1703.96
428,54,Automation Specialist IV,Zava,We are a leading company in the industry.,IT Consultant,fisico,African American,non-binary,Rio de Janeiro,4423.03
429,44,Software Consultant,Livetube,we prioritize customer satisfaction and strive for excellence in everything we do.,Web Developer,mental,African American,non-binary,Rio de Janeiro,2020.51
430,2,Cost Accountant,Photojam,We are a leading company in the industry.,IT Consultant,mental,African American,non-binary,Salvador,4928.64
431,60,Graphic Designer,Gigazoom,As a company,Network Administrator,audicao,Hispanic,non-binary,Salvador,6146.0
432,45,Data Coordinator,Zoomdog,With years of experience,Software Engineer,visual,African American,non-binary,Fortaleza,4806.21
433,21,Environmental Specialist,Quire,we prioritize customer satisfaction and strive for excellence in everything we do.,IT Consultant,fisico,Asian,non-binary,São Paulo,5073.97
434,24,Professor,Chatterbridge,We pride ourselves on delivering exceptional products and services to our clients.,IT Consultant,fisico,African American,non-binary,Fortaleza,3875.31
435,26,Systems Administrator III,Voonyx,We pride ourselves on delivering exceptional products and services to our clients.,Data Analyst,fisico,Hispanic,female,São Paulo,2599.35
436,37,Senior Developer,Quimba,As a company,Web Developer,visual,African American,male,Rio de Janeiro,4492.92
437,8,Marketing Assistant,Tekfly,As a company,Data Analyst,fisico,Native American,male,Brasília,2671.03
438,29,Nuclear Power Engineer,Jetwire,We are a leading company in the industry.,Software Engineer,audicao,African American,non-binary,Rio de Janeiro,9430.58
439,38,Human Resources Manager,Youfeed,we have established ourselves as a trusted name in the market.,Software Engineer,visual,Hispanic,non-binary,Brasília,6818.37
440,25,Developer I,Dabshots,We pride ourselves on delivering exceptional products and services to our clients.,Software Engineer,visual,Native American,female,Salvador,6754.05
441,41,Senior Developer,Gevee,we have established ourselves as a trusted name in the market.,Data Analyst,visual,African American,female,Rio de Janeiro,4055.69
442,53,Director of Sales,Browsetype,As a company,Web Developer,visual,Caucasian,non-binary,São Paulo,6611.13
443,13,Civil Engineer,Yoveo,As a company,IT Consultant,visual,Native American,male,Salvador,6053.28
444,20,Assistant Manager,Tagcat,we have established ourselves as a trusted name in the market.,Network Administrator,fisico,Asian,non-binary,Fortaleza,3733.21
445,23,Help Desk Technician,Shuffledrive,We are a leading company in the industry.,Data Analyst,fisico,Caucasian,female,Fortaleza,5912.4
446,51,Web Designer I,Brainverse,With years of experience,Network Administrator,audicao,Native American,male,Salvador,7473.56
447,13,Quality Engineer,Gabcube,We are a leading company in the industry.,IT Consultant,visual,African American,male,Salvador,8934.69
448,50,Administrative Assistant II,Skidoo,we prioritize customer satisfaction and strive for excellence in everything we do.,IT Consultant,audicao,African American,male,Rio de Janeiro,5940.09
449,50,Software Test Engineer III,Buzzster,we prioritize customer satisfaction and strive for excellence in everything we do.,Software Engineer,mental,Caucasian,female,Rio de Janeiro,3916.59
450,59,Accountant II,Shufflester,We pride ourselves on delivering exceptional products and services to our clients.,IT Consultant,visual,Caucasian,male,Fortaleza,2771.13
451,44,Payment Adjustment Coordinator,Chatterbridge,We are a leading company in the industry.,IT Consultant,mental,Asian,male,Salvador,8495.69
452,14,Junior Executive,Realbuzz,we prioritize customer satisfaction and strive for excellence in everything we do.,Software Engineer,audicao,Hispanic,non-binary,Rio de Janeiro,6436.58
453,20,Software Consultant,JumpXS,we prioritize customer satisfaction and strive for excellence in everything we do.,Data Analyst,mental,Native American,female,Rio de Janeiro,9488.13
454,32,Systems Administrator I,Yotz,With years of experience,Web Developer,fisico,African American,male,Fortaleza,8644.37
455,19,Software Engineer I,Plajo,With years of experience,Web Developer,mental,Native American,non-binary,Salvador,3662.93
456,46,Assistant Professor,Vipe,Our company specializes in providing innovative solutions.,Data Analyst,visual,Asian,male,Fortaleza,8935.59
457,7,General Manager,Leenti,We pride ourselves on delivering exceptional products and services to our clients.,Network Administrator,fisico,Asian,male,São Paulo,2452.41
458,49,Editor,Bubblebox,We pride ourselves on delivering exceptional products and services to our clients.,IT Consultant,mental,Hispanic,female,Fortaleza,3207.57
459,37,Quality Control Specialist,Tanoodle,we prioritize customer satisfaction and strive for excellence in everything we do.,Software Engineer,fisico,African American,female,São Paulo,2558.85
460,30,Senior Editor,Blogpad,Our company specializes in providing innovative solutions.,Software Engineer,fisico,Hispanic,non-binary,Fortaleza,4219.28
461,34,Staff Accountant II,Jabberstorm,We are a leading company in the industry.,Data Analyst,fisico,African American,male,Brasília,9544.02
462,31,Staff Scientist,Twitterlist,As a company,IT Consultant,visual,Native American,male,Fortaleza,9611.89
463,33,Project Manager,Browsecat,We are a leading company in the industry.,Software Engineer,fisico,Asian,non-binary,Rio de Janeiro,6180.51
464,45,VP Marketing,Oloo,we have established ourselves as a trusted name in the market.,IT Consultant,mental,Native American,female,São Paulo,8459.76
465,59,Associate Professor,Brainbox,With years of experience,Web Developer,audicao,African American,non-binary,Fortaleza,9110.91
466,56,Software Consultant,Feedbug,we have established ourselves as a trusted name in the market.,Web Developer,mental,Asian,female,Brasília,4425.87
467,38,Information Systems Manager,Midel,We pride ourselves on delivering exceptional products and services to our clients.,Data Analyst,mental,African American,female,Fortaleza,2635.88
468,51,Assistant Professor,Tagcat,As a company,Web Developer,visual,Asian,male,Rio de Janeiro,3071.85
469,32,Registered Nurse,Shuffletag,We are a leading company in the industry.,IT Consultant,fisico,African American,non-binary,Salvador,8978.6
470,48,Geological Engineer,Pixope,we prioritize customer satisfaction and strive for excellence in everything we do.,Software Engineer,visual,Native American,non-binary,Brasília,3221.66
471,43,Director of Sales,Flipstorm,Our company specializes in providing innovative solutions.,Data Analyst,fisico,African American,male,Brasília,4059.69
472,26,Computer Systems Analyst II,Muxo,With years of experience,Software Engineer,mental,Asian,female,Fortaleza,8239.13
473,0,Environmental Tech,Vimbo,we prioritize customer satisfaction and strive for excellence in everything we do.,Data Analyst,audicao,Hispanic,male,São Paulo,8896.26
474,17,Staff Scientist,Kwimbee,We pride ourselves on delivering exceptional products and services to our clients.,Software Engineer,mental,Asian,male,Fortaleza,7735.26
475,26,Associate Professor,Skipfire,Our company specializes in providing innovative solutions.,Software Engineer,fisico,African American,male,Brasília,3405.93
476,26,Account Executive,Twitterworks,we prioritize customer satisfaction and strive for excellence in everything we do.,Software Engineer,mental,Asian,non-binary,Rio de Janeiro,5906.49
477,30,Environmental Tech,Jabbercube,As a company,Software Engineer,visual,Hispanic,female,São Paulo,1847.36
478,40,Environmental Tech,Voonder,we have established ourselves as a trusted name in the market.,Data Analyst,mental,Hispanic,female,Salvador,2700.36
479,28,Account Representative I,Feedbug,As a company,Web Developer,fisico,Native American,female,Rio de Janeiro,3534.32
480,28,Associate Professor,Photolist,With years of experience,Data Analyst,fisico,Asian,non-binary,Rio de Janeiro,8465.16
481,26,Electrical Engineer,Rhyloo,Our company specializes in providing innovative solutions.,Web Developer,fisico,Asian,non-binary,Salvador,8091.57
482,48,Food Chemist,Jaxspan,we have established ourselves as a trusted name in the market.,Web Developer,visual,Native American,male,Fortaleza,6890.75
483,7,Administrative Assistant IV,Oyope,Our company specializes in providing innovative solutions.,Web Developer,visual,Asian,non-binary,Brasília,8851.96
484,45,Developer I,Edgeclub,We are a leading company in the industry.,Network Administrator,audicao,Caucasian,non-binary,Fortaleza,9640.89
485,28,Occupational Therapist,Meetz,We pride ourselves on delivering exceptional products and services to our clients.,Data Analyst,mental,Native American,non-binary,Fortaleza,7469.3
486,52,Desktop Support Technician,Quatz,We are a leading company in the industry.,Network Administrator,visual,Asian,female,Salvador,4099.61
487,24,Help Desk Technician,Photojam,As a company,Network Administrator,mental,Native American,male,Brasília,3795.63
488,53,Executive Secretary,Rhyloo,We are a leading company in the industry.,IT Consultant,mental,African American,female,Brasília,2856.25
489,50,Developer II,Fatz,we prioritize customer satisfaction and strive for excellence in everything we do.,Web Developer,fisico,Asian,male,Salvador,7389.8
490,17,Internal Auditor,Skimia,we have established ourselves as a trusted name in the market.,Software Engineer,mental,Native American,female,Salvador,8567.18
491,12,Community Outreach Specialist,Bluejam,we prioritize customer satisfaction and strive for excellence in everything we do.,IT Consultant,visual,Hispanic,non-binary,Brasília,4261.62
492,44,Legal Assistant,Oloo,We pride ourselves on delivering exceptional products and services to our clients.,Network Administrator,audicao,Native American,female,Rio de Janeiro,5461.96
493,11,Compensation Analyst,Kazio,We are a leading company in the industry.,Software Engineer,audicao,Caucasian,male,Rio de Janeiro,9406.53
494,2,Account Coordinator,Twinte,We are a leading company in the industry.,Web Developer,visual,Hispanic,male,Rio de Janeiro,7161.61
495,49,Operator,Dynava,As a company,Data Analyst,visual,Asian,male,Fortaleza,1501.98
496,37,Civil Engineer,Meeveo,we prioritize customer satisfaction and strive for excellence in everything we do.,Network Administrator,mental,Asian,male,São Paulo,5917.46
497,3,Marketing Assistant,Eazzy,With years of experience,Web Developer,mental,Caucasian,female,Brasília,4426.21
498,9,Project Manager,Edgeclub,we prioritize customer satisfaction and strive for excellence in everything we do.,Software Engineer,visual,Asian,female,São Paulo,6933.19
499,46,Research Associate,Zoozzy,we prioritize customer satisfaction and strive for excellence in everything we do.,Data Analyst,visual,African American,male,São Paulo,5000.71
500,41,Computer Systems Analyst IV,Kwimbee,We are a leading company in the industry.,Web Developer,audicao,Hispanic,non-binary,São Paulo,3227.8
